"index 	 lat 	 long 	 speed 	 date 	 time 	 air_val 	 dust 	 gsr"
"0	51.522943	-0.131100	0.00	10524	10202200	29	0.62	322"
"1	51.522935	-0.131093	0.22	10524	10202300	23	0.62	330"
"2	51.522928	-0.131082	0.22	10524	10202400	23	0.62	319"
"3	51.522922	-0.131080	0.59	10524	10202421	23	0.62	310"
"4	51.522897	-0.131073	1.39	10524	10202600	23	0.62	307"
"5	51.522890	-0.131088	1.80	10524	10202700	22	0.62	306"
"6	51.522885	-0.131102	2.20	10524	10202800	22	0.62	304"
"7	51.522878	-0.131110	1.83	10524	10202900	22	0.62	296"
"8	51.522867	-0.131110	1.61	10524	10203020	22	0.62	287"
"9	51.522853	-0.131120	1.61	10524	10203200	21	0.62	287"
"10	51.522850	-0.131132	1.90	10524	10203300	21	0.62	288"
"11	51.522847	-0.131142	1.99	10524	10203400	21	0.62	290"
"12	51.522842	-0.131147	1.83	10524	10203500	21	0.62	291"
"13	51.522833	-0.131155	2.08	10524	10203620	21	0.62	293"
"14	51.522833	-0.131155	2.04	10524	10203620	22	0.62	294"
"15	51.522817	-0.131172	2.50	10524	10203800	22	0.62	295"
"16	51.522800	-0.131172	2.69	10524	10203900	21	0.62	297"
"17	51.522788	-0.131177	2.74	10524	10204000	21	0.62	297"
"18	51.522775	-0.131182	2.75	10524	10204100	21	0.62	294"
"19	51.522762	-0.131178	2.30	10524	10204221	21	0.62	292"
"20	51.522748	-0.131187	2.30	10524	10204400	21	0.62	293"
"21	51.522740	-0.131188	2.20	10524	10204500	21	0.62	296"
"22	51.522728	-0.131185	2.20	10524	10204600	21	0.62	294"
"23	51.522710	-0.131178	1.97	10524	10204700	22	0.62	292"
"24	51.522692	-0.131168	2.07	10524	10204822	21	0.62	293"
"25	51.522692	-0.131168	2.13	10524	10204822	18	0.62	294"
"26	51.522670	-0.131160	2.13	10524	10205000	21	0.62	293"
"27	51.522642	-0.131123	2.59	10524	10205100	22	0.62	292"
"28	51.522628	-0.131105	2.61	10524	10205200	21	0.62	294"
"29	51.522620	-0.131092	2.62	10524	10205300	21	0.62	295"
"30	51.522623	-0.131067	2.52	10524	10205420	21	0.62	296"
"31	51.522610	-0.131048	2.52	10524	10205600	21	0.62	297"
"32	51.522602	-0.131033	2.29	10524	10205700	22	0.62	298"
"33	51.522595	-0.131007	2.26	10524	10205800	21	0.62	298"
"34	51.522578	-0.130980	2.82	10524	10205900	21	0.62	291"
"35	51.522560	-0.130948	2.83	10524	10210020	21	0.62	286"
"36	51.522560	-0.130948	3.08	10524	10210020	21	0.62	287"
"37	51.522545	-0.130922	3.06	10524	10210200	21	0.62	289"
"38	51.522528	-0.130892	3.26	10524	10210300	21	0.62	286"
"39	51.522518	-0.130873	3.27	10524	10210400	22	0.62	285"
"40	51.522510	-0.130858	3.26	10524	10210500	21	0.62	285"
"41	51.522502	-0.130840	3.23	10524	10210621	21	0.62	286"
"42	51.522488	-0.130812	3.23	10524	10210800	21	0.62	286"
"43	51.522487	-0.130803	3.23	10524	10210900	21	0.62	287"
"44	51.522482	-0.130790	3.23	10524	10211000	21	0.62	288"
"45	51.522477	-0.130775	3.12	10524	10211100	21	0.62	285"
"46	51.522477	-0.130758	3.07	10524	10211221	21	0.62	283"
"47	51.522477	-0.130758	3.05	10524	10211221	21	0.62	284"
"48	51.522473	-0.130737	2.85	10524	10211400	21	0.62	284"
"49	51.522480	-0.130730	2.66	10524	10211500	21	0.62	284"
"50	51.522478	-0.130712	2.72	10524	10211600	21	0.62	285"
"51	51.522480	-0.130698	2.72	10524	10211700	21	0.62	283"
"52	51.522493	-0.130692	2.59	10524	10211821	21	0.62	284"
"53	51.522500	-0.130652	2.59	10524	10212100	21	0.62	285"
"54	51.522508	-0.130618	2.77	10524	10212200	21	0.62	283"
"55	51.522512	-0.130587	2.77	10524	10212300	21	0.62	282"
"56	51.522517	-0.130550	0.96	10524	10212400	21	0.62	279"
"57	51.522522	-0.130532	0.92	10524	10212421	21	0.62	271"
"58	51.522518	-0.130510	2.23	10524	10212600	21	0.62	268"
"59	51.522517	-0.130517	1.83	10524	10212700	21	0.62	267"
"60	51.522517	-0.130530	1.88	10524	10212800	20	0.62	268"
"61	51.522512	-0.130522	1.90	10524	10212900	20	0.62	269"
"62	51.522503	-0.130495	1.96	10524	10213021	21	0.62	265"
"63	51.522487	-0.130495	1.96	10524	10213200	20	0.62	266"
"64	51.522478	-0.130490	1.88	10524	10213300	21	0.62	263"
"65	51.522463	-0.130488	1.88	10524	10213400	20	0.62	260"
"66	51.522455	-0.130487	1.54	10524	10213500	20	0.62	261"
"67	51.522440	-0.130485	1.60	10524	10213621	20	0.62	261"
"68	51.522440	-0.130485	1.63	10524	10213621	20	0.62	260"
"69	51.522427	-0.130480	1.66	10524	10213800	20	0.62	254"
"70	51.522415	-0.130475	1.71	10524	10213900	20	0.62	253"
"71	51.522405	-0.130470	1.90	10524	10214000	20	0.62	257"
"72	51.522393	-0.130458	1.93	10524	10214100	20	0.62	258"
"73	51.522378	-0.130442	1.98	10524	10214221	19	0.62	258"
"74	51.522363	-0.130420	1.98	10524	10214400	19	0.62	258"
"75	51.522358	-0.130410	2.00	10524	10214500	20	0.62	255"
"76	51.522352	-0.130393	2.00	10524	10214600	20	0.62	256"
"77	51.522348	-0.130373	2.07	10524	10214700	20	0.62	258"
"78	51.522347	-0.130360	2.09	10524	10214821	20	0.62	259"
"79	51.522345	-0.130348	2.09	10524	10215000	20	0.62	260"
"80	51.522340	-0.130342	2.09	10524	10215100	20	0.62	262"
"81	51.522322	-0.130353	2.09	10524	10215200	20	0.62	263"
"82	51.522312	-0.130345	1.85	10524	10215300	20	0.62	264"
"83	51.522267	-0.130357	1.86	10524	10215421	20	0.62	265"
"84	51.522262	-0.130347	1.86	10524	10215600	20	0.62	267"
"85	51.522253	-0.130342	1.86	10524	10215700	20	0.62	268"
"86	51.522245	-0.130328	1.86	10524	10215800	20	0.62	267"
"87	51.522238	-0.130313	2.13	10524	10215900	21	0.62	267"
"88	51.522227	-0.130295	2.15	10524	10220020	20	0.62	268"
"89	51.522227	-0.130295	2.23	10524	10220020	20	0.62	267"
"90	51.522217	-0.130275	2.26	10524	10220200	20	0.62	266"
"91	51.522210	-0.130262	2.29	10524	10220300	20	0.62	266"
"92	51.522203	-0.130250	2.31	10524	10220400	20	0.62	265"
"93	51.522220	-0.130260	1.96	10524	10220500	21	0.62	265"
"94	51.522228	-0.130260	1.86	10524	10220620	20	0.62	266"
"95	51.522225	-0.130247	1.86	10524	10220800	21	0.62	266"
"96	51.522223	-0.130242	1.62	10524	10220900	20	0.62	266"
"97	51.522220	-0.130233	1.62	10524	10221000	20	0.62	266"
"98	51.522217	-0.130225	1.66	10524	10221100	21	0.62	267"
"99	51.522218	-0.130215	1.67	10524	10221221	21	0.62	268"
"100	51.522218	-0.130215	1.67	10524	10221221	21	0.62	267"
"101	51.522208	-0.130187	2.13	10524	10221400	20	0.62	264"
"102	51.522200	-0.130165	2.39	10524	10221500	20	0.62	264"
"103	51.522197	-0.130150	2.39	10524	10221600	19	0.62	265"
"104	51.522195	-0.130142	2.16	10524	10221700	20	0.62	268"
"105	51.522198	-0.130118	0.85	10524	10221820	20	0.62	269"
"106	51.522190	-0.130045	0.85	10524	10222100	21	0.62	270"
"107	51.522183	-0.130017	0.85	10524	10222200	22	0.62	269"
"108	51.522178	-0.130012	0.84	10524	10222300	21	0.62	270"
"109	51.522178	-0.130012	2.06	10524	10222400	20	0.62	271"
"110	51.522180	-0.130010	2.03	10524	10222420	21	0.62	272"
"111	51.522173	-0.129988	1.99	10524	10222600	21	0.62	274"
"112	51.522170	-0.129978	1.94	10524	10222700	21	0.62	275"
"113	51.522167	-0.129967	1.92	10524	10222800	21	0.62	276"
"114	51.522163	-0.129957	1.94	10524	10222900	21	0.62	277"
"115	51.522163	-0.129953	2.15	10524	10223020	21	0.62	277"
"116	51.522152	-0.129925	2.15	10524	10223200	21	0.62	277"
"117	51.522143	-0.129905	2.53	10524	10223300	21	0.62	277"
"118	51.522152	-0.129878	2.53	10524	10223400	21	0.62	277"
"119	51.522148	-0.129865	2.45	10524	10223500	21	0.62	277"
"120	51.522140	-0.129852	2.38	10524	10223620	21	0.62	272"
"121	51.522138	-0.129833	2.38	10524	10223800	20	0.62	270"
"122	51.522138	-0.129823	2.30	10524	10223900	21	0.62	273"
"123	51.522137	-0.129813	2.24	10524	10224000	21	0.62	274"
"124	51.522137	-0.129805	2.15	10524	10224100	21	0.62	274"
"125	51.522127	-0.129793	2.11	10524	10224221	21	0.62	275"
"126	51.522127	-0.129793	2.08	10524	10224221	21	0.62	273"
"127	51.522115	-0.129772	2.37	10524	10224400	21	0.62	270"
"128	51.522110	-0.129753	2.58	10524	10224500	21	0.62	270"
"129	51.522108	-0.129737	2.59	10524	10224600	21	0.62	271"
"130	51.522113	-0.129698	0.94	10524	10224700	21	0.62	272"
"131	51.522117	-0.129695	2.35	10524	10224821	21	0.62	273"
"132	51.522108	-0.129660	2.35	10524	10225100	21	0.62	268"
"133	51.522107	-0.129648	2.35	10524	10225200	21	0.62	269"
"134	51.522103	-0.129632	2.35	10524	10225300	21	0.62	270"
"135	51.522098	-0.129620	2.57	10524	10225400	21	0.62	270"
"136	51.522100	-0.129613	2.58	10524	10225421	21	0.62	270"
"137	51.522087	-0.129590	2.60	10524	10225600	21	0.62	271"
"138	51.522080	-0.129578	2.61	10524	10225700	21	0.62	272"
"139	51.522073	-0.129565	2.61	10524	10225800	21	0.62	273"
"140	51.522067	-0.129547	2.62	10524	10225900	21	0.62	273"
"141	51.522067	-0.129517	2.68	10524	10230022	21	0.62	272"
"142	51.522047	-0.129483	2.68	10524	10230200	21	0.62	272"
"143	51.522038	-0.129465	2.72	10524	10230300	21	0.62	273"
"144	51.522037	-0.129450	2.72	10524	10230400	21	0.62	275"
"145	51.522028	-0.129438	2.74	10524	10230500	21	0.62	276"
"146	51.522028	-0.129430	2.70	10524	10230620	21	0.62	277"
"147	51.522028	-0.129430	2.51	10524	10230620	21	0.62	277"
"148	51.522022	-0.129410	2.52	10524	10230800	22	0.62	278"
"149	51.522040	-0.129427	2.06	10524	10230900	21	0.62	279"
"150	51.522053	-0.129423	2.06	10524	10231000	21	0.62	281"
"151	51.522052	-0.129397	2.57	10524	10231100	22	0.62	280"
"152	51.522067	-0.129388	2.47	10524	10231220	21	0.62	280"
"153	51.522048	-0.129357	2.47	10524	10231500	21	0.62	282"
"154	51.522047	-0.129347	2.45	10524	10231600	21	0.62	283"
"155	51.522040	-0.129347	2.45	10524	10231700	22	0.62	284"
"156	51.522035	-0.129345	2.16	10524	10231800	22	0.62	285"
"157	51.522037	-0.129352	2.11	10524	10231821	22	0.62	287"
"158	51.522025	-0.129332	2.11	10524	10232000	22	0.62	287"
"159	51.522020	-0.129340	1.60	10524	10232100	21	0.62	287"
"160	51.522012	-0.129333	1.61	10524	10232200	22	0.62	287"
"161	51.522003	-0.129328	1.68	10524	10232300	21	0.62	288"
"162	51.521992	-0.129325	1.92	10524	10232421	21	0.62	290"
"163	51.521980	-0.129305	1.92	10524	10232600	21	0.62	290"
"164	51.521957	-0.129305	2.14	10524	10232700	21	0.62	291"
"165	51.521925	-0.129308	2.19	10524	10232800	20	0.62	291"
"166	51.521860	-0.129317	2.62	10524	10232900	22	0.62	291"
"167	51.521733	-0.129345	3.08	10524	10233021	22	0.62	291"
"168	51.521733	-0.129345	3.15	10524	10233021	22	0.62	292"
"169	51.521650	-0.129358	3.73	10524	10233200	21	0.62	292"
"170	51.521552	-0.129392	4.03	10524	10233300	22	0.62	293"
"171	51.521440	-0.129408	4.29	10524	10233400	22	0.62	292"
"172	51.521357	-0.129420	4.20	10524	10233500	22	0.62	293"
"173	51.521208	-0.129462	3.37	10524	10233621	22	0.62	293"
"174	51.521187	-0.129452	3.37	10524	10233800	22	0.62	294"
"175	51.521173	-0.129435	2.74	10524	10233900	21	0.62	288"
"176	51.521177	-0.129430	2.76	10524	10234000	21	0.62	285"
"177	51.521182	-0.129423	2.12	10524	10234100	21	0.62	280"
"178	51.521173	-0.129415	1.69	10524	10234221	21	0.62	274"
"179	51.521173	-0.129415	1.61	10524	10234221	21	0.62	273"
"180	51.521163	-0.129393	2.04	10524	10234400	21	0.62	274"
"181	51.521160	-0.129380	2.42	10524	10234500	20	0.62	273"
"182	51.521138	-0.129370	2.36	10524	10234600	21	0.62	271"
"183	51.521138	-0.129363	1.93	10524	10234700	21	0.62	271"
"184	51.521128	-0.129342	1.73	10524	10234821	21	0.62	272"
"185	51.521127	-0.129322	1.73	10524	10235000	21	0.62	272"
"186	51.521120	-0.129298	2.04	10524	10235100	21	0.62	274"
"187	51.521125	-0.129283	2.04	10524	10235200	21	0.62	276"
"188	51.521128	-0.129268	3.37	10524	10235300	21	0.62	276"
"189	51.521133	-0.129265	2.96	10524	10235421	21	0.62	271"
"190	51.521133	-0.129265	2.88	10524	10235421	20	0.62	271"
"191	51.521142	-0.129250	2.46	10524	10235600	20	0.62	272"
"192	51.521142	-0.129225	2.69	10524	10235700	21	0.62	272"
"193	51.521147	-0.129210	2.34	10524	10235800	20	0.62	272"
"194	51.521152	-0.129193	2.52	10524	10235900	20	0.62	273"
"195	51.521717	-0.129200	2.29	10524	10240021	20	0.62	273"
"196	51.521738	-0.129197	2.29	10524	10240200	21	0.62	274"
"197	51.521747	-0.129195	1.89	10524	10240300	21	0.62	274"
"198	51.521758	-0.129190	2.62	10524	10240400	21	0.62	265"
"199	51.521767	-0.129180	2.69	10524	10240500	20	0.62	255"
"200	51.521785	-0.129178	2.23	10524	10240600	20	0.62	251"
"201	51.521793	-0.129173	1.85	10524	10240700	20	0.62	249"
"202	51.521803	-0.129177	1.27	10524	10240800	20	0.62	242"
"203	51.521813	-0.129180	2.72	10524	10240900	19	0.62	247"
"204	51.521820	-0.129183	2.76	10524	10241000	20	0.62	251"
"205	51.521825	-0.129177	2.15	10524	10241100	20	0.62	252"
"206	51.521830	-0.129175	1.85	10524	10241200	20	0.62	251"
"207	51.521835	-0.129165	2.32	10524	10241300	20	0.62	244"
"208	51.521833	-0.129133	2.32	10524	10241500	20	0.62	243"
"209	51.521823	-0.129105	2.32	10524	10241600	19	0.62	245"
"210	51.521820	-0.129085	2.81	10524	10241700	20	0.62	247"
"211	51.521802	-0.129047	3.18	10524	10241800	20	0.62	246"
"212	51.521792	-0.129027	4.34	10524	10241900	20	0.62	248"
"213	51.521792	-0.129005	3.28	10524	10242000	20	0.62	243"
"214	51.521790	-0.128990	2.96	10524	10242100	20	0.62	251"
"215	51.521785	-0.128970	3.00	10524	10242200	20	0.62	246"
"216	51.521785	-0.128950	2.49	10524	10242300	20	0.62	242"
"217	51.521782	-0.128912	4.40	10524	10242400	19	0.62	240"
"218	51.521780	-0.128883	4.41	10524	10242500	20	0.62	242"
"219	51.521783	-0.128867	3.29	10524	10242600	19	0.62	245"
"220	51.521792	-0.128838	3.25	10524	10242800	20	0.62	248"
"221	51.521807	-0.128828	3.46	10524	10242900	20	0.62	250"
"222	51.521825	-0.128827	3.23	10524	10243000	20	0.62	250"
"223	51.521843	-0.128823	2.97	10524	10243100	20	0.62	236"
"224	51.521860	-0.128820	2.77	10524	10243200	19	0.62	235"
"225	51.521897	-0.128840	2.42	10524	10243300	19	0.62	233"
"226	51.521913	-0.128833	2.62	10524	10243400	19	0.62	236"
"227	51.521923	-0.128830	1.45	10524	10243500	19	0.62	236"
"228	51.521930	-0.128825	1.27	10524	10243600	19	0.62	231"
"229	51.521938	-0.128825	1.63	10524	10243700	19	0.62	229"
"230	51.521953	-0.128827	2.69	10524	10243800	19	0.62	233"
"231	51.521958	-0.128792	2.69	10524	10244000	19	0.62	238"
"232	51.521963	-0.128778	2.62	10524	10244100	19	0.62	242"
"233	51.521977	-0.128773	1.71	10524	10244200	19	0.62	243"
"234	51.521982	-0.128762	2.30	10524	10244300	20	0.62	246"
"235	51.522003	-0.128750	2.84	10524	10244400	20	0.62	247"
"236	51.522005	-0.128725	3.30	10524	10244500	20	0.62	247"
"237	51.522002	-0.128697	2.50	10524	10244600	20	0.62	249"
"238	51.522003	-0.128683	1.57	10524	10244700	20	0.62	250"
"239	51.522003	-0.128667	1.52	10524	10244800	20	0.62	251"
"240	51.522008	-0.128660	1.47	10524	10244900	20	0.62	250"
"241	51.522012	-0.128648	1.67	10524	10245000	20	0.62	251"
"242	51.522022	-0.128642	2.06	10524	10245100	20	0.62	252"
"243	51.522027	-0.128608	2.06	10524	10245300	20	0.62	249"
"244	51.522028	-0.128590	1.27	10524	10245400	20	0.62	244"
"245	51.522030	-0.128570	1.53	10524	10245500	20	0.62	240"
"246	51.522030	-0.128548	2.39	10524	10245600	19	0.62	238"
"247	51.522033	-0.128522	2.12	10524	10245700	19	0.62	235"
"248	51.522033	-0.128503	2.20	10524	10245800	19	0.62	235"
"249	51.522042	-0.128485	2.61	10524	10245900	19	0.62	237"
"250	51.522050	-0.128470	2.52	10524	10250000	19	0.62	228"
"251	51.522060	-0.128457	2.49	10524	10250100	19	0.62	228"
"252	51.522070	-0.128442	2.70	10524	10250200	19	0.62	231"
"253	51.522078	-0.128423	2.74	10524	10250300	19	0.62	231"
"254	51.522090	-0.128415	2.81	10524	10250400	19	0.62	232"
"255	51.522112	-0.128408	2.81	10524	10250600	19	0.62	233"
"256	51.522118	-0.128403	2.81	10524	10250700	19	0.62	236"
"257	51.522125	-0.128393	2.49	10524	10250800	19	0.62	232"
"258	51.522132	-0.128385	1.81	10524	10250900	19	0.62	233"
"259	51.522132	-0.128382	0.00	10524	10251000	19	0.62	233"
"260	51.522137	-0.128375	0.00	10524	10251100	19	0.62	233"
"261	51.522138	-0.128377	0.00	10524	10251200	19	0.62	234"
"262	51.522138	-0.128377	0.00	10524	10251300	19	0.62	238"
"263	51.522138	-0.128377	0.00	10524	10251400	19	0.62	247"
"264	51.522162	-0.128380	1.12	10524	10251500	19	0.62	240"
"265	51.522170	-0.128392	2.36	10524	10251600	20	0.62	244"
"266	51.522205	-0.128430	2.93	10524	10251800	19	0.62	245"
"267	51.522218	-0.128438	2.54	10524	10251900	20	0.62	243"
"268	51.522228	-0.128448	2.35	10524	10252000	19	0.62	245"
"269	51.522243	-0.128452	2.35	10524	10252100	20	0.62	247"
"270	51.522260	-0.128452	4.13	10524	10252200	20	0.62	251"
"271	51.522262	-0.128445	2.37	10524	10252300	20	0.62	251"
"272	51.522265	-0.128442	1.77	10524	10252400	20	0.62	250"
"273	51.522270	-0.128445	1.15	10524	10252500	20	0.62	249"
"274	51.522275	-0.128447	1.62	10524	10252600	20	0.62	250"
"275	51.522278	-0.128438	1.61	10524	10252700	20	0.62	250"
"276	51.522280	-0.128432	1.31	10524	10252800	20	0.62	250"
"277	51.522285	-0.128423	0.00	10524	10252900	20	0.62	245"
"278	51.522318	-0.128443	0.00	10524	10253100	19	0.62	243"
"279	51.522330	-0.128458	0.00	10524	10253200	19	0.62	243"
"280	51.522347	-0.128478	0.00	10524	10253300	19	0.62	245"
"281	51.522365	-0.128493	3.08	10524	10253400	19	0.62	247"
"282	51.522373	-0.128497	3.54	10524	10253500	19	0.62	248"
"283	51.522380	-0.128507	3.19	10524	10253600	20	0.62	249"
"284	51.522380	-0.128505	1.55	10524	10253700	20	0.62	252"
"285	51.522387	-0.128515	1.58	10524	10253800	20	0.62	251"
"286	51.522390	-0.128512	0.00	10524	10253900	20	0.62	252"
"287	51.522403	-0.128523	0.00	10524	10254000	20	0.62	252"
"288	51.522423	-0.128538	2.27	10524	10254100	20	0.62	249"
"289	51.522447	-0.128568	1.70	10524	10254300	20	0.62	247"
"290	51.522457	-0.128600	1.70	10524	10254400	19	0.62	247"
"291	51.522460	-0.128602	1.70	10524	10254500	20	0.62	246"
"292	51.522460	-0.128597	1.62	10524	10254600	20	0.62	239"
"293	51.522467	-0.128603	1.70	10524	10254700	19	0.62	229"
"294	51.522473	-0.128607	1.80	10524	10254800	19	0.62	232"
"295	51.522477	-0.128603	2.09	10524	10254900	19	0.62	234"
"296	51.522475	-0.128597	1.78	10524	10255000	19	0.62	235"
"297	51.522445	-0.128590	0.00	10524	10255100	19	0.62	235"
"298	51.522442	-0.128592	0.00	10524	10255200	19	0.62	232"
"299	51.522442	-0.128595	0.00	10524	10255300	19	0.62	234"
"300	51.522442	-0.128595	0.00	10524	10255400	19	0.62	234"
"301	51.522463	-0.128652	0.00	10524	10255600	19	0.62	236"
"302	51.522480	-0.128680	1.71	10524	10255700	19	0.62	239"
"303	51.522495	-0.128712	2.81	10524	10255800	19	0.62	244"
"304	51.522517	-0.128745	3.31	10524	10255900	19	0.62	241"
"305	51.522530	-0.128757	3.29	10524	10260000	19	0.62	250"
"306	51.522607	-0.128853	2.30	10524	10260100	20	0.62	245"
"307	51.522625	-0.128877	2.34	10524	10260200	20	0.62	245"
"308	51.522638	-0.128885	2.62	10524	10260300	19	0.62	242"
"309	51.522658	-0.128907	3.03	10524	10260400	19	0.62	242"
"310	51.522670	-0.128925	2.78	10524	10260500	19	0.62	244"
"311	51.522678	-0.128948	2.22	10524	10260600	19	0.62	246"
"312	51.522720	-0.128973	2.60	10524	10260800	19	0.62	247"
"313	51.522742	-0.128992	2.60	10524	10260900	19	0.62	249"
"314	51.522755	-0.129003	2.60	10524	10261000	19	0.62	250"
"315	51.522772	-0.129022	2.60	10524	10261100	19	0.62	251"
"316	51.522782	-0.129030	2.32	10524	10261200	20	0.62	253"
"317	51.522795	-0.129040	2.69	10524	10261300	20	0.62	252"
"318	51.522803	-0.129047	2.95	10524	10261400	20	0.62	252"
"319	51.522810	-0.129057	2.45	10524	10261500	20	0.62	253"
"320	51.522810	-0.129068	1.74	10524	10261600	20	0.62	254"
"321	51.522805	-0.129085	1.55	10524	10261700	20	0.62	252"
"322	51.522810	-0.129088	1.20	10524	10261800	19	0.62	253"
"323	51.522813	-0.129097	1.53	10524	10261900	20	0.62	254"
"324	51.522827	-0.129118	1.53	10524	10262100	20	0.62	253"
"325	51.522833	-0.129123	2.26	10524	10262200	20	0.62	254"
"326	51.522850	-0.129127	1.82	10524	10262300	19	0.62	256"
"327	51.522868	-0.129120	1.12	10524	10262400	19	0.62	254"
"328	51.522882	-0.129122	1.38	10524	10262500	19	0.62	253"
"329	51.522902	-0.129125	2.46	10524	10262600	20	0.62	253"
"330	51.522922	-0.129125	2.05	10524	10262700	19	0.62	255"
"331	51.522943	-0.129117	1.10	10524	10262800	19	0.62	255"
"332	51.522957	-0.129113	1.50	10524	10262900	20	0.62	256"
"333	51.522975	-0.129110	1.43	10524	10263000	19	0.62	256"
"334	51.523008	-0.129110	2.15	10524	10263100	19	0.62	256"
"335	51.523042	-0.129107	2.07	10524	10263300	19	0.62	255"
"336	51.523055	-0.129112	2.07	10524	10263400	19	0.62	257"
"337	51.523063	-0.129118	2.07	10524	10263500	19	0.62	257"
"338	51.523072	-0.129127	2.07	10524	10263600	20	0.62	259"
"339	51.523082	-0.129133	2.37	10524	10263700	20	0.62	261"
"340	51.523093	-0.129152	2.16	10524	10263800	20	0.62	262"
"341	51.523097	-0.129168	1.39	10524	10263900	20	0.62	262"
"342	51.523098	-0.129162	0.00	10524	10264000	20	0.62	261"
"343	51.523108	-0.129155	0.00	10524	10264100	20	0.62	266"
"344	51.523120	-0.129157	1.78	10524	10264200	20	0.62	259"
"345	51.523130	-0.129158	1.81	10524	10264300	18	0.62	260"
"346	51.523145	-0.129162	1.89	10524	10264400	19	0.62	261"
"347	51.523167	-0.129172	1.88	10524	10264600	20	0.62	257"
"348	51.523178	-0.129183	1.85	10524	10264700	19	0.62	254"
"349	51.523188	-0.129195	2.26	10524	10264800	20	0.62	254"
"350	51.523195	-0.129205	2.26	10524	10264900	20	0.62	254"
"351	51.523202	-0.129217	2.04	10524	10265000	20	0.62	255"
"352	51.523210	-0.129225	2.03	10524	10265100	19	0.62	255"
"353	51.523213	-0.129233	1.70	10524	10265200	19	0.62	251"
"354	51.523223	-0.129247	2.00	10524	10265300	20	0.62	250"
"355	51.523227	-0.129253	1.36	10524	10265400	19	0.62	252"
"356	51.523233	-0.129260	1.31	10524	10265500	20	0.62	249"
"357	51.523240	-0.129267	1.39	10524	10265600	20	0.62	247"
"358	51.523262	-0.129275	2.16	10524	10265800	19	0.62	248"
"359	51.523272	-0.129278	2.16	10524	10265900	20	0.62	249"
"360	51.523283	-0.129287	1.20	10524	10270000	19	0.62	242"
"361	51.523283	-0.129298	1.54	10524	10270100	19	0.62	236"
"362	51.523275	-0.129323	1.54	10524	10270200	19	0.62	234"
"363	51.523272	-0.129345	0.00	10524	10270300	19	0.62	227"
"364	51.523268	-0.129360	0.00	10524	10270400	18	0.62	219"
"365	51.523283	-0.129370	1.12	10524	10270500	19	0.62	222"
"366	51.523293	-0.129387	2.28	10524	10270600	18	0.62	227"
"367	51.523298	-0.129400	2.35	10524	10270700	18	0.62	227"
"368	51.523307	-0.129412	1.94	10524	10270800	18	0.62	227"
"369	51.523313	-0.129420	1.36	10524	10270900	18	0.62	230"
"370	51.523332	-0.129437	1.40	10524	10271100	19	0.62	232"
"371	51.523337	-0.129457	1.40	10524	10271200	18	0.62	229"
"372	51.523353	-0.129462	1.96	10524	10271300	18	0.62	234"
"373	51.523365	-0.129467	2.39	10524	10271400	18	0.62	236"
"374	51.523377	-0.129473	2.35	10524	10271500	19	0.62	235"
"375	51.523388	-0.129477	2.37	10524	10271600	19	0.62	234"
"376	51.523397	-0.129483	2.34	10524	10271700	19	0.62	236"
"377	51.523408	-0.129490	2.13	10524	10271800	19	0.62	237"
"378	51.523413	-0.129495	2.13	10524	10271900	19	0.62	239"
"379	51.523425	-0.129497	2.06	10524	10272000	19	0.62	240"
"380	51.523433	-0.129507	2.11	10524	10272100	19	0.62	241"
"381	51.523453	-0.129522	2.11	10524	10272300	19	0.62	244"
"382	51.523465	-0.129523	2.11	10524	10272400	19	0.62	248"
"383	51.523473	-0.129525	2.11	10524	10272500	19	0.62	247"
"384	51.523480	-0.129533	2.11	10524	10272600	19	0.62	249"
"385	51.523488	-0.129530	2.11	10524	10272700	19	0.62	250"
"386	51.523497	-0.129537	1.92	10524	10272800	19	0.62	249"
"387	51.523503	-0.129542	1.97	10524	10272900	19	0.62	241"
"388	51.523510	-0.129547	1.98	10524	10273000	19	0.62	241"
"389	51.523517	-0.129557	1.98	10524	10273100	19	0.62	241"
"390	51.523520	-0.129560	1.98	10524	10273200	19	0.62	245"
"391	51.523525	-0.129560	1.70	10524	10273300	19	0.62	250"
"392	51.523548	-0.129580	1.86	10524	10273500	19	0.62	246"
"393	51.523562	-0.129588	1.92	10524	10273600	19	0.62	248"
"394	51.523575	-0.129598	1.92	10524	10273700	20	0.62	249"
"395	51.523587	-0.129610	1.92	10524	10273800	19	0.62	250"
"396	51.523603	-0.129618	2.07	10524	10273900	19	0.62	249"
"397	51.523612	-0.129627	2.29	10524	10274000	19	0.62	251"
"398	51.523620	-0.129627	2.00	10524	10274100	19	0.62	251"
"399	51.523632	-0.129630	1.53	10524	10274200	20	0.62	252"
"400	51.523638	-0.129638	1.48	10524	10274300	19	0.62	247"
"401	51.523652	-0.129647	1.50	10524	10274400	19	0.62	243"
"402	51.523667	-0.129653	2.03	10524	10274500	19	0.62	239"
"403	51.523675	-0.129662	2.22	10524	10274600	19	0.62	239"
"404	51.523688	-0.129677	2.22	10524	10274800	19	0.62	240"
"405	51.523695	-0.129688	2.22	10524	10274900	19	0.62	241"
"406	51.523698	-0.129698	1.88	10524	10275000	19	0.62	237"
"407	51.523707	-0.129708	1.88	10524	10275100	20	0.62	237"
"408	51.523715	-0.129720	1.66	10524	10275200	20	0.62	238"
"409	51.523723	-0.129732	1.73	10524	10275300	20	0.62	238"
"410	51.523727	-0.129762	1.76	10524	10275400	20	0.62	236"
"411	51.523732	-0.129795	1.73	10524	10275500	20	0.62	238"
"412	51.523732	-0.129827	1.65	10524	10275600	20	0.62	246"
"413	51.523737	-0.129847	1.66	10524	10275700	21	0.62	243"
"414	51.523738	-0.129880	2.05	10524	10275800	21	0.62	241"
"415	51.523775	-0.129865	2.39	10524	10280000	20	0.62	240"
"416	51.523837	-0.129790	2.62	10524	10280100	20	0.62	240"
"417	51.523850	-0.129770	2.62	10524	10280200	20	0.62	241"
"418	51.523863	-0.129757	2.54	10524	10280300	20	0.62	243"
"419	51.523873	-0.129747	2.54	10524	10280400	20	0.62	243"
"420	51.523888	-0.129735	2.52	10524	10280500	20	0.62	244"
"421	51.523897	-0.129722	2.76	10524	10280600	20	0.62	242"
"422	51.523910	-0.129718	2.76	10524	10280700	19	0.62	242"
"423	51.523918	-0.129705	2.76	10524	10280800	20	0.62	242"
"424	51.523930	-0.129697	2.80	10524	10280900	20	0.62	245"
"425	51.523938	-0.129682	2.82	10524	10281000	20	0.62	245"
"426	51.523947	-0.129670	2.78	10524	10281100	20	0.62	245"
"427	51.523970	-0.129642	2.78	10524	10281300	20	0.62	248"
"428	51.523980	-0.129633	2.78	10524	10281400	20	0.62	247"
"429	51.523992	-0.129623	2.81	10524	10281500	20	0.62	248"
"430	51.524002	-0.129615	2.81	10524	10281600	20	0.62	247"
"431	51.524010	-0.129603	2.73	10524	10281700	20	0.62	247"
"432	51.524020	-0.129593	2.67	10524	10281800	20	0.62	242"
"433	51.524038	-0.129590	2.60	10524	10281900	20	0.62	225"
"434	51.524047	-0.129582	2.65	10524	10282000	19	0.62	233"
"435	51.524057	-0.129573	2.61	10524	10282100	19	0.62	216"
"436	51.524067	-0.129562	2.65	10524	10282200	18	0.62	208"
"437	51.524078	-0.129553	2.70	10524	10282300	18	0.62	202"
"438	51.524093	-0.129550	2.70	10524	10282500	18	0.62	202"
"439	51.524098	-0.129545	1.91	10524	10282600	18	0.62	208"
"440	51.524107	-0.129538	1.69	10524	10282700	18	0.62	209"
"441	51.524115	-0.129537	1.70	10524	10282800	18	0.62	222"
"442	51.524110	-0.129543	1.68	10524	10282900	19	0.62	702"
"443	51.524107	-0.129537	0.00	10524	10283000	50	0.62	635"
"444	51.524118	-0.129537	0.00	10524	10283100	46	0.62	656"
"445	51.524108	-0.129512	0.00	10524	10283200	48	0.62	657"
"446	51.524098	-0.129507	0.94	10524	10283300	50	0.62	689"
"447	51.524088	-0.129500	0.00	10524	10283400	54	0.62	656"
"448	51.524090	-0.129502	0.00	10524	10283500	51	0.62	697"
"449	51.524090	-0.129502	0.00	10524	10283600	57	0.62	706"
"450	51.524090	-0.129502	0.00	10524	10283800	59	0.62	706"
"451	51.524090	-0.129502	0.00	10524	10283900	60	0.62	706"
"452	51.524090	-0.129502	0.00	10524	10284000	61	0.62	706"
"453	51.524090	-0.129502	0.00	10524	10284100	62	0.62	706"
"454	51.524090	-0.129502	0.00	10524	10284200	64	0.62	706"
"455	51.524090	-0.129502	0.00	10524	10284300	65	0.62	706"
"456	51.524090	-0.129502	0.00	10524	10284400	67	0.62	707"
"457	51.524090	-0.129502	0.00	10524	10284500	68	0.62	706"
"458	51.524090	-0.129502	0.00	10524	10284600	72	0.62	707"
"459	51.524090	-0.129502	0.00	10524	10284700	70	0.62	707"
"460	51.524090	-0.129502	0.00	10524	10284800	72	0.62	707"
"461	51.524090	-0.129502	0.00	10524	10285000	73	0.62	707"
"462	51.524090	-0.129502	0.00	10524	10285100	75	0.62	706"
"463	51.524090	-0.129502	0.00	10524	10285200	76	0.62	706"
"464	51.524090	-0.129502	0.00	10524	10285300	77	0.62	706"
"465	51.524090	-0.129502	0.00	10524	10285400	77	0.62	706"
"466	51.524090	-0.129502	0.00	10524	10285500	78	0.62	706"
"467	51.524090	-0.129502	0.00	10524	10285600	79	0.62	706"
"468	51.524090	-0.129502	0.00	10524	10285700	79	0.62	706"
"469	51.524090	-0.129502	0.00	10524	10285800	79	0.62	707"
"470	51.524090	-0.129502	0.00	10524	10285900	81	0.62	707"
"471	51.524090	-0.129502	0.00	10524	10290000	81	0.62	706"
"472	51.524090	-0.129502	0.00	10524	10290200	81	0.62	707"
"473	51.524090	-0.129502	0.00	10524	10290300	80	0.62	707"
"474	51.524090	-0.129502	0.00	10524	10290400	80	0.62	707"
"475	51.524090	-0.129502	0.00	10524	10290500	81	0.62	707"
"476	51.524090	-0.129502	0.00	10524	10290600	79	0.62	707"
"477	51.524090	-0.129502	0.00	10524	10290700	79	0.62	707"
"478	51.524090	-0.129502	0.00	10524	10290800	78	0.62	707"
"479	51.524090	-0.129502	0.00	10524	10290900	79	0.62	706"
"480	51.524090	-0.129502	0.00	10524	10291000	77	0.62	707"
"481	51.524090	-0.129502	0.00	10524	10291100	77	0.62	707"
"482	51.524090	-0.129502	0.00	10524	10291200	76	0.62	706"
"483	51.524090	-0.129502	0.00	10524	10291300	76	0.62	707"
"484	51.524090	-0.129502	0.00	10524	10291500	76	0.62	707"
"485	51.524090	-0.129502	0.00	10524	10291600	76	0.62	706"
"486	51.524090	-0.129502	0.00	10524	10291700	76	0.62	706"
"487	51.524090	-0.129502	0.00	10524	10291800	75	0.62	692"
"488	51.524090	-0.129502	0.00	10524	10291900	73	0.62	697"
"489	51.524090	-0.129502	0.00	10524	10292000	72	0.62	672"
"490	51.524090	-0.129502	0.00	10524	10292100	70	0.62	699"
"491	51.524090	-0.129502	0.00	10524	10292200	72	0.62	495"
"492	51.524090	-0.129502	0.00	10524	10292300	57	0.62	490"
"493	51.524090	-0.129502	0.00	10524	10292400	57	0.62	448"
"494	51.524090	-0.129502	0.00	10524	10292500	54	0.62	423"
"495	51.524090	-0.129502	0.00	10524	10292700	52	0.62	413"
"496	51.524090	-0.129502	0.00	10524	10292800	50	0.62	406"
"497	51.524090	-0.129502	0.00	10524	10292900	50	0.62	406"
"498	51.524090	-0.129502	0.00	10524	10293000	50	0.62	403"
"499	51.524108	-0.129440	0.00	10524	10293100	49	0.62	402"
"500	51.524100	-0.129423	1.13	10524	10293200	48	0.62	408"
"501	51.524098	-0.129410	1.43	10524	10293300	49	0.62	421"
"502	51.524092	-0.129400	1.62	10524	10293400	49	0.62	395"
"503	51.524087	-0.129385	1.69	10524	10293500	47	0.62	390"
"504	51.524078	-0.129372	1.97	10524	10293600	46	0.62	387"
"505	51.524073	-0.129357	2.00	10524	10293700	45	0.62	379"
"506	51.524063	-0.129325	2.09	10524	10293900	45	0.62	377"
"507	51.524055	-0.129312	2.15	10524	10294000	45	0.62	381"
"508	51.524058	-0.129288	2.21	10524	10294100	45	0.62	385"
"509	51.524060	-0.129263	2.26	10524	10294200	44	0.62	375"
"510	51.524062	-0.129238	2.28	10524	10294300	44	0.62	360"
"511	51.524063	-0.129218	2.31	10524	10294400	42	0.62	357"
"512	51.524067	-0.129212	2.32	10524	10294500	40	0.62	357"
"513	51.524070	-0.129197	2.30	10524	10294600	42	0.62	357"
"514	51.524073	-0.129182	2.26	10524	10294700	41	0.62	358"
"515	51.524073	-0.129177	2.23	10524	10294800	41	0.62	355"
"516	51.524070	-0.129173	2.16	10524	10294900	41	0.62	353"
"517	51.524070	-0.129157	1.96	10524	10295000	41	0.62	353"
"518	51.524075	-0.129120	1.96	10524	10295200	40	0.62	351"
"519	51.524077	-0.129113	1.96	10524	10295300	40	0.62	349"
"520	51.524085	-0.129105	2.00	10524	10295400	40	0.62	355"
"521	51.524095	-0.129102	2.00	10524	10295500	39	0.62	350"
"522	51.524098	-0.129080	1.97	10524	10295600	39	0.62	362"
"523	51.524092	-0.129055	1.96	10524	10295700	40	0.62	347"
"524	51.524092	-0.129040	1.97	10524	10295800	39	0.62	343"
"525	51.524083	-0.129018	1.98	10524	10295900	38	0.62	338"
"526	51.524077	-0.129005	2.03	10524	10300000	37	0.62	337"
"527	51.524072	-0.128990	2.04	10524	10300100	37	0.62	337"
"528	51.524065	-0.128977	2.05	10524	10300200	37	0.62	340"
"529	51.524045	-0.128928	2.05	10524	10300400	37	0.62	342"
"530	51.524038	-0.128915	2.05	10524	10300500	37	0.62	349"
"531	51.524030	-0.128898	2.54	10524	10300600	37	0.62	343"
"532	51.524013	-0.128897	2.54	10524	10300700	36	0.62	342"
"533	51.523997	-0.128895	2.54	10524	10300800	36	0.62	333"
"534	51.523977	-0.128895	2.55	10524	10300900	35	0.62	330"
"535	51.523963	-0.128892	2.57	10524	10301000	35	0.62	326"
"536	51.523952	-0.128885	2.55	10524	10301100	34	0.62	330"
"537	51.523940	-0.128878	2.54	10524	10301200	35	0.62	330"
"538	51.523928	-0.128873	2.36	10524	10301300	34	0.62	327"
"539	51.523922	-0.128860	2.38	10524	10301400	34	0.62	322"
"540	51.523908	-0.128852	2.42	10524	10301500	33	0.62	322"
"541	51.523888	-0.128837	2.43	10524	10301700	34	0.62	317"
"542	51.523882	-0.128828	2.43	10524	10301800	33	0.62	313"
"543	51.523872	-0.128822	2.43	10524	10301900	33	0.62	305"
"544	51.523863	-0.128822	2.43	10524	10302000	32	0.62	304"
"545	51.523847	-0.128818	2.20	10524	10302100	32	0.62	308"
"546	51.523835	-0.128815	2.23	10524	10302200	31	0.62	311"
"547	51.523820	-0.128812	2.26	10524	10302300	32	0.62	310"
"548	51.523805	-0.128805	2.28	10524	10302400	31	0.62	309"
"549	51.523793	-0.128805	2.28	10524	10302500	31	0.62	313"
"550	51.523785	-0.128790	2.23	10524	10302600	31	0.62	306"
"551	51.523775	-0.128770	2.27	10524	10302700	31	0.62	306"
"552	51.523757	-0.128752	2.29	10524	10302900	31	0.62	304"
"553	51.523752	-0.128748	2.29	10524	10303000	30	0.62	303"
"554	51.523748	-0.128752	2.29	10524	10303100	30	0.62	303"
"555	51.523742	-0.128743	2.29	10524	10303200	30	0.62	306"
"556	51.523732	-0.128740	2.29	10524	10303300	30	0.62	310"
"557	51.523722	-0.128737	1.94	10524	10303400	30	0.62	295"
"558	51.523712	-0.128725	1.93	10524	10303500	29	0.62	287"
"559	51.523700	-0.128707	1.97	10524	10303600	28	0.62	269"
"560	51.523695	-0.128698	2.05	10524	10303700	28	0.62	270"
"561	51.523690	-0.128692	2.05	10524	10303800	27	0.62	262"
"562	51.523687	-0.128683	2.08	10524	10303900	27	0.62	258"
"563	51.523678	-0.128677	2.09	10524	10304100	26	0.62	264"
"564	51.523670	-0.128668	2.04	10524	10304200	27	0.62	258"
"565	51.523663	-0.128655	2.04	10524	10304300	26	0.62	247"
"566	51.523657	-0.128648	2.04	10524	10304400	26	0.62	247"
"567	51.523647	-0.128642	2.05	10524	10304500	26	0.62	247"
"568	51.523637	-0.128628	2.06	10524	10304600	25	0.62	248"
"569	51.523627	-0.128613	2.08	10524	10304700	25	0.62	244"
"570	51.523607	-0.128567	2.11	10524	10304800	25	0.62	237"
"571	51.523600	-0.128552	2.38	10524	10304900	24	0.62	237"
"572	51.523597	-0.128540	2.38	10524	10305000	24	0.62	240"
"573	51.523593	-0.128523	2.36	10524	10305100	25	0.62	242"
"574	51.523592	-0.128505	2.27	10524	10305200	24	0.62	241"
"575	51.523605	-0.128453	2.27	10524	10305400	24	0.62	242"
"576	51.523607	-0.128437	2.15	10524	10305500	24	0.62	242"
"577	51.523608	-0.128420	2.09	10524	10305600	24	0.62	243"
"578	51.523625	-0.128398	2.05	10524	10305700	24	0.62	242"
"579	51.523643	-0.128387	1.98	10524	10305800	24	0.62	242"
"580	51.523640	-0.128392	1.68	10524	10305900	24	0.62	239"
"581	51.523643	-0.128387	1.60	10524	10310000	23	0.62	238"
"582	51.523652	-0.128372	1.40	10524	10310100	23	0.62	239"
"583	51.523655	-0.128375	1.39	10524	10310200	23	0.62	239"
"584	51.523657	-0.128377	1.33	10524	10310300	23	0.62	240"
"585	51.523652	-0.128388	1.02	10524	10310500	23	0.62	241"
"586	51.523653	-0.128397	0.96	10524	10310600	23	0.62	246"
"587	51.523648	-0.128398	0.00	10524	10310700	24	0.62	245"
"588	51.523642	-0.128375	0.00	10524	10310800	24	0.62	270"
"589	51.523637	-0.128372	0.00	10524	10310900	24	0.62	247"
"590	51.523658	-0.128345	1.10	10524	10311000	23	0.62	246"
"591	51.523655	-0.128338	1.07	10524	10311100	23	0.62	240"
"592	51.523655	-0.128328	1.07	10524	10311200	23	0.62	237"
"593	51.523658	-0.128325	1.08	10524	10311300	23	0.62	238"
"594	51.523652	-0.128328	1.07	10524	10311400	23	0.62	234"
"595	51.523643	-0.128317	1.06	10524	10311500	22	0.62	233"
"596	51.523637	-0.128315	1.06	10524	10311600	22	0.62	237"
"597	51.523618	-0.128268	1.06	10524	10311800	22	0.62	242"
"598	51.523610	-0.128255	1.24	10524	10311900	22	0.62	245"
"599	51.523612	-0.128247	1.24	10524	10312000	22	0.62	244"
"600	51.523597	-0.128232	1.24	10524	10312100	22	0.62	246"
"601	51.523588	-0.128233	1.24	10524	10312200	22	0.62	244"
"602	51.523578	-0.128228	1.22	10524	10312300	22	0.62	244"
"603	51.523573	-0.128227	1.23	10524	10312400	22	0.62	245"
"604	51.523565	-0.128230	1.23	10524	10312500	22	0.62	247"
"605	51.523555	-0.128215	1.24	10524	10312600	22	0.62	243"
"606	51.523550	-0.128208	1.28	10524	10312700	22	0.62	243"
"607	51.523533	-0.128193	1.31	10524	10312800	22	0.62	243"
"608	51.523503	-0.128158	1.59	10524	10313000	22	0.62	245"
"609	51.523490	-0.128145	1.59	10524	10313100	22	0.62	247"
"610	51.523473	-0.128130	1.70	10524	10313200	22	0.62	249"
"611	51.523465	-0.128115	1.77	10524	10313300	22	0.62	249"
"612	51.523460	-0.128095	1.77	10524	10313400	22	0.62	247"
"613	51.523458	-0.128068	1.89	10524	10313500	22	0.62	247"
"614	51.523452	-0.128058	1.96	10524	10313600	22	0.62	247"
"615	51.523450	-0.128042	2.00	10524	10313700	22	0.62	248"
"616	51.523435	-0.128022	2.01	10524	10313800	22	0.62	248"
"617	51.523428	-0.128007	2.04	10524	10313900	22	0.62	244"
"618	51.523420	-0.127998	2.07	10524	10314000	21	0.62	241"
"619	51.523417	-0.127993	2.13	10524	10314100	21	0.62	243"
"620	51.523405	-0.127985	2.13	10524	10314300	21	0.62	245"
"621	51.523403	-0.127977	2.13	10524	10314400	21	0.62	246"
"622	51.523408	-0.127970	2.06	10524	10314500	21	0.62	237"
"623	51.523395	-0.127960	2.03	10524	10314600	21	0.62	236"
"624	51.523395	-0.127950	2.03	10524	10314700	21	0.62	238"
"625	51.523373	-0.127930	2.04	10524	10314800	20	0.62	241"
"626	51.523365	-0.127902	2.26	10524	10314900	21	0.62	242"
"627	51.523358	-0.127892	2.30	10524	10315000	20	0.62	238"
"628	51.523342	-0.127883	2.31	10524	10315100	21	0.62	235"
"629	51.523328	-0.127873	2.36	10524	10315200	21	0.62	235"
"630	51.523322	-0.127868	2.38	10524	10315300	20	0.62	237"
"631	51.523310	-0.127880	2.36	10524	10315500	21	0.62	232"
"632	51.523347	-0.127872	2.36	10524	10315600	20	0.62	232"
"633	51.523348	-0.127858	2.36	10524	10315700	20	0.62	234"
"634	51.523338	-0.127843	2.36	10524	10315800	20	0.62	237"
"635	51.523320	-0.127847	1.76	10524	10315900	20	0.62	238"
"636	51.523308	-0.127855	1.77	10524	10320000	20	0.62	235"
"637	51.523295	-0.127858	1.73	10524	10320100	20	0.62	234"
"638	51.523272	-0.127840	1.69	10524	10320200	20	0.62	233"
"639	51.523258	-0.127830	1.71	10524	10320300	20	0.62	234"
"640	51.523250	-0.127813	1.73	10524	10320400	20	0.62	234"
"641	51.523235	-0.127802	1.83	10524	10320500	20	0.62	236"
"642	51.523200	-0.127780	1.83	10524	10320700	20	0.62	236"
"643	51.523185	-0.127765	1.93	10524	10320800	20	0.62	237"
"644	51.523170	-0.127752	1.93	10524	10320900	20	0.62	238"
"645	51.523160	-0.127745	1.93	10524	10321000	20	0.62	237"
"646	51.523173	-0.127742	2.05	10524	10321100	20	0.62	236"
"647	51.523167	-0.127733	2.01	10524	10321200	20	0.62	237"
"648	51.523160	-0.127725	1.84	10524	10321300	20	0.62	237"
"649	51.523157	-0.127715	1.88	10524	10321400	20	0.62	239"
"650	51.523152	-0.127700	1.88	10524	10321500	20	0.62	237"
"651	51.523142	-0.127687	1.91	10524	10321600	20	0.62	231"
"652	51.523132	-0.127677	1.99	10524	10321700	20	0.62	230"
"653	51.523115	-0.127647	1.99	10524	10321900	19	0.62	232"
"654	51.523095	-0.127643	1.99	10524	10322000	19	0.62	231"
"655	51.523070	-0.127642	2.08	10524	10322100	19	0.62	230"
"656	51.523045	-0.127642	2.08	10524	10322200	19	0.62	232"
"657	51.523022	-0.127633	2.30	10524	10322300	19	0.62	233"
"658	51.523000	-0.127627	2.38	10524	10322400	19	0.62	237"
"659	51.522985	-0.127623	2.46	10524	10322500	20	0.62	236"
"660	51.522970	-0.127622	2.46	10524	10322600	20	0.62	236"
"661	51.522952	-0.127602	2.45	10524	10322700	20	0.62	235"
"662	51.522942	-0.127592	2.50	10524	10322800	19	0.62	230"
"663	51.522932	-0.127595	2.43	10524	10322900	19	0.62	224"
"664	51.522905	-0.127587	2.43	10524	10323100	19	0.62	226"
"665	51.522902	-0.127583	2.35	10524	10323200	19	0.62	227"
"666	51.522903	-0.127580	2.35	10524	10323300	19	0.62	222"
"667	51.522893	-0.127573	2.09	10524	10323400	19	0.62	219"
"668	51.522880	-0.127563	2.07	10524	10323500	19	0.62	221"
"669	51.522865	-0.127545	2.08	10524	10323600	19	0.62	222"
"670	51.522855	-0.127545	2.14	10524	10323700	19	0.62	224"
"671	51.522843	-0.127538	2.16	10524	10323800	19	0.62	228"
"672	51.522835	-0.127535	2.20	10524	10323900	19	0.62	229"
"673	51.522827	-0.127525	2.22	10524	10324000	19	0.62	232"
"674	51.522823	-0.127520	2.19	10524	10324100	19	0.62	235"
"675	51.522813	-0.127488	2.19	10524	10324300	19	0.62	235"
"676	51.522808	-0.127475	2.19	10524	10324400	19	0.62	234"
"677	51.522815	-0.127473	2.19	10524	10324500	20	0.62	233"
"678	51.522818	-0.127473	2.19	10524	10324600	19	0.62	229"
"679	51.522813	-0.127485	2.19	10524	10324700	19	0.62	230"
"680	51.522802	-0.127482	1.63	10524	10324800	19	0.62	231"
"681	51.522795	-0.127485	1.61	10524	10324900	19	0.62	232"
"682	51.522785	-0.127483	1.32	10524	10325000	19	0.62	232"
"683	51.522787	-0.127480	1.07	10524	10325100	19	0.62	229"
"684	51.522790	-0.127477	1.00	10524	10325200	19	0.62	228"
"685	51.522792	-0.127480	0.00	10524	10325300	19	0.62	224"
"686	51.522793	-0.127478	0.00	10524	10325500	19	0.62	223"
"687	51.522792	-0.127470	0.00	10524	10325600	19	0.62	223"
"688	51.522792	-0.127460	0.00	10524	10325700	19	0.62	223"
"689	51.522788	-0.127450	0.00	10524	10325800	19	0.62	221"
"690	51.522785	-0.127433	0.00	10524	10325900	19	0.62	221"
"691	51.522778	-0.127417	1.08	10524	10330000	19	0.62	223"
"692	51.522772	-0.127405	1.09	10524	10330100	19	0.62	228"
"693	51.522775	-0.127395	1.16	10524	10330200	19	0.62	228"
"694	51.522782	-0.127392	1.23	10524	10330300	18	0.62	223"
"695	51.522795	-0.127390	0.00	10524	10330400	19	0.62	222"
"696	51.522787	-0.127368	1.12	10524	10330500	19	0.62	219"
"697	51.522763	-0.127313	1.12	10524	10330700	19	0.62	218"
"698	51.522735	-0.127278	1.47	10524	10330800	19	0.62	216"
"699	51.522732	-0.127267	0.99	10524	10330900	19	0.62	213"
"700	51.522708	-0.127255	0.99	10524	10331000	18	0.62	211"
"701	51.522697	-0.127243	0.00	10524	10331100	19	0.62	212"
"702	51.522697	-0.127243	0.00	10524	10331200	19	0.62	216"
"703	51.522697	-0.127243	0.00	10524	10331300	19	0.62	219"
"704	51.522642	-0.127175	0.00	10524	10331400	19	0.62	221"
"705	51.522605	-0.127155	1.33	10524	10331500	19	0.62	221"
"706	51.522552	-0.127127	1.82	10524	10331600	19	0.62	218"
"707	51.522492	-0.127102	2.51	10524	10331700	19	0.62	212"
"708	51.522447	-0.127082	1.08	10524	10331800	19	0.62	208"
"709	51.522413	-0.127067	0.00	10524	10332000	18	0.62	209"
"710	51.522407	-0.127077	0.00	10524	10332100	18	0.62	212"
"711	51.522382	-0.127075	0.00	10524	10332200	19	0.62	212"
"712	51.522378	-0.127087	1.59	10524	10332300	19	0.62	210"
"713	51.522373	-0.127090	1.63	10524	10332400	18	0.62	209"
"714	51.522360	-0.127085	1.67	10524	10332500	18	0.62	204"
"715	51.522347	-0.127075	0.00	10524	10332600	18	0.62	200"
"716	51.522333	-0.127062	0.00	10524	10332700	18	0.62	203"
"717	51.522333	-0.127062	0.00	10524	10332800	18	0.62	209"
"718	51.522333	-0.127062	0.00	10524	10332900	18	0.62	222"
"719	51.522293	-0.127027	1.63	10524	10333000	19	0.62	207"
"720	51.522282	-0.126993	1.63	10524	10333200	18	0.62	202"
"721	51.522275	-0.126978	1.63	10524	10333300	18	0.62	202"
"722	51.522268	-0.126960	1.63	10524	10333400	17	0.62	206"
"723	51.522258	-0.126947	1.50	10524	10333500	18	0.62	210"
"724	51.522242	-0.126938	1.45	10524	10333600	18	0.62	211"
"725	51.522228	-0.126935	1.50	10524	10333700	18	0.62	212"
"726	51.522218	-0.126940	1.52	10524	10333800	19	0.62	212"
"727	51.522207	-0.126948	1.53	10524	10333900	19	0.62	212"
"728	51.522198	-0.126953	1.47	10524	10334000	19	0.62	213"
"729	51.522192	-0.126960	1.25	10524	10334100	18	0.62	214"
"730	51.522170	-0.126967	1.85	10524	10334300	19	0.62	212"
"731	51.522163	-0.126963	1.85	10524	10334400	18	0.62	213"
"732	51.522150	-0.126953	2.41	10524	10334500	18	0.62	213"
"733	51.522135	-0.126945	2.41	10524	10334600	18	0.62	213"
"734	51.522132	-0.126957	2.41	10524	10334700	18	0.62	214"
"735	51.522145	-0.126990	1.22	10524	10334800	19	0.62	214"
"736	51.522162	-0.127023	1.54	10524	10334900	18	0.62	215"
"737	51.522170	-0.127045	1.83	10524	10335000	18	0.62	216"
"738	51.522173	-0.127065	1.89	10524	10335100	18	0.62	215"
"739	51.522203	-0.127115	1.93	10524	10335200	18	0.62	212"
"740	51.522202	-0.127137	1.92	10524	10335300	18	0.62	212"
"741	51.522285	-0.127285	2.28	10524	10335500	18	0.62	212"
"742	51.522277	-0.127315	2.28	10524	10335600	18	0.62	212"
"743	51.522268	-0.127337	2.45	10524	10335700	18	0.62	212"
"744	51.522255	-0.127352	2.98	10524	10335800	18	0.62	212"
"745	51.522247	-0.127367	2.74	10524	10335900	18	0.62	213"
"746	51.522233	-0.127375	2.74	10524	10340000	18	0.62	213"
"747	51.522223	-0.127378	2.68	10524	10340100	18	0.62	212"
"748	51.522215	-0.127383	2.61	10524	10340200	18	0.62	209"
"749	51.522202	-0.127388	2.37	10524	10340300	18	0.62	204"
"750	51.522182	-0.127395	2.74	10524	10340400	18	0.62	202"
"751	51.522158	-0.127403	3.71	10524	10340500	17	0.62	205"
"752	51.522145	-0.127408	2.99	10524	10340600	18	0.62	206"
"753	51.522125	-0.127423	2.99	10524	10340800	18	0.62	202"
"754	51.522117	-0.127427	2.99	10524	10340900	17	0.62	203"
"755	51.522105	-0.127432	2.99	10524	10341000	17	0.62	205"
"756	51.522090	-0.127430	2.99	10524	10341100	18	0.62	208"
"757	51.522083	-0.127448	3.27	10524	10341200	18	0.62	209"
"758	51.522075	-0.127462	3.26	10524	10341300	18	0.62	210"
"759	51.522078	-0.127482	2.92	10524	10341400	18	0.62	209"
"760	51.522075	-0.127487	2.38	10524	10341500	18	0.62	207"
"761	51.522093	-0.127517	2.01	10524	10341600	17	0.62	207"
"762	51.522080	-0.127510	0.99	10524	10341700	18	0.62	207"
"763	51.522082	-0.127525	1.36	10524	10341800	17	0.62	206"
"764	51.522068	-0.127542	1.36	10524	10342000	17	0.62	208"
"765	51.522067	-0.127557	1.36	10524	10342100	18	0.62	208"
"766	51.522060	-0.127567	1.36	10524	10342200	18	0.62	208"
"767	51.522055	-0.127588	3.21	10524	10342300	18	0.62	208"
"768	51.522057	-0.127625	3.62	10524	10342400	18	0.62	209"
"769	51.522020	-0.127625	4.17	10524	10342500	18	0.62	209"
"770	51.521995	-0.127637	3.39	10524	10342600	18	0.62	209"
"771	51.521975	-0.127657	3.18	10524	10342700	18	0.62	209"
"772	51.521957	-0.127677	3.11	10524	10342800	18	0.62	207"
"773	51.521948	-0.127692	2.90	10524	10342900	18	0.62	205"
"774	51.521943	-0.127705	1.96	10524	10343000	17	0.62	205"
"775	51.521958	-0.127760	2.00	10524	10343200	18	0.62	205"
"776	51.521962	-0.127790	1.39	10524	10343300	18	0.62	205"
"777	51.521957	-0.127800	1.61	10524	10343400	17	0.62	206"
"778	51.521958	-0.127820	2.20	10524	10343500	17	0.62	205"
"779	51.521983	-0.127863	2.93	10524	10343600	17	0.62	203"
"780	51.522005	-0.127897	1.90	10524	10343700	17	0.62	202"
"781	51.522015	-0.127918	1.93	10524	10343800	18	0.62	203"
"782	51.522028	-0.127940	1.89	10524	10343900	18	0.62	204"
"783	51.522033	-0.127970	1.63	10524	10344000	18	0.62	206"
"784	51.522048	-0.127980	2.26	10524	10344100	18	0.62	207"
"785	51.522047	-0.127990	0.00	10524	10344200	18	0.62	208"
"786	51.522053	-0.128025	1.88	10524	10344400	17	0.62	205"
"787	51.522055	-0.128043	1.88	10524	10344500	17	0.62	202"
"788	51.522057	-0.128055	1.88	10524	10344600	17	0.62	202"
"789	51.522060	-0.128068	2.73	10524	10344700	17	0.62	202"
"790	51.522050	-0.128088	2.52	10524	10344800	17	0.62	201"
"791	51.522053	-0.128113	2.31	10524	10344900	17	0.62	201"
"792	51.522048	-0.128142	2.87	10524	10345000	17	0.62	202"
"793	51.522043	-0.128170	2.84	10524	10345100	17	0.62	202"
"794	51.522040	-0.128192	3.04	10524	10345200	17	0.62	201"
"795	51.522033	-0.128215	3.00	10524	10345300	17	0.62	199"
"796	51.522023	-0.128237	2.96	10524	10345400	17	0.62	199"
"797	51.522003	-0.128280	2.67	10524	10345600	17	0.62	197"
"798	51.522003	-0.128298	2.67	10524	10345700	18	0.62	194"
"799	51.522002	-0.128308	2.16	10524	10345800	18	0.62	194"
"800	51.522005	-0.128332	2.16	10524	10345900	18	0.62	196"
"801	51.522013	-0.128352	2.24	10524	10350000	18	0.62	198"
"802	51.522030	-0.128372	2.29	10524	10350100	18	0.62	199"
"803	51.522043	-0.128388	2.51	10524	10350200	18	0.62	201"
"804	51.522058	-0.128412	2.42	10524	10350300	18	0.62	201"
"805	51.522077	-0.128442	2.37	10524	10350400	18	0.62	201"
"806	51.522088	-0.128455	2.37	10524	10350500	18	0.62	201"
"807	51.522103	-0.128462	1.85	10524	10350600	18	0.62	201"
"808	51.522117	-0.128478	1.78	10524	10350700	17	0.62	200"
"809	51.522130	-0.128513	1.84	10524	10350900	18	0.62	200"
"810	51.522133	-0.128527	2.22	10524	10351000	18	0.62	200"
"811	51.522130	-0.128528	2.17	10524	10351100	18	0.62	201"
"812	51.522117	-0.128515	1.39	10524	10351200	17	0.62	201"
"813	51.522117	-0.128520	0.98	10524	10351300	17	0.62	201"
"814	51.522118	-0.128530	0.97	10524	10351400	17	0.62	197"
"815	51.522117	-0.128538	1.28	10524	10351500	17	0.62	195"
"816	51.522113	-0.128548	0.00	10524	10351600	17	0.62	197"
"817	51.522108	-0.128553	0.00	10524	10351700	17	0.62	197"
"818	51.522105	-0.128558	1.15	10524	10351800	17	0.62	195"
"819	51.522103	-0.128562	1.16	10524	10351900	17	0.62	194"
"820	51.522100	-0.128562	1.16	10524	10352100	17	0.62	195"
"821	51.522100	-0.128568	1.16	10524	10352200	17	0.62	195"
"822	51.522102	-0.128577	1.16	10524	10352300	17	0.62	189"
"823	51.522107	-0.128587	1.16	10524	10352400	17	0.62	184"
"824	51.522117	-0.128600	1.33	10524	10352500	17	0.62	192"
"825	51.522122	-0.128597	1.66	10524	10352600	18	0.62	532"
"826	51.522127	-0.128600	1.38	10524	10352700	36	0.62	564"
"827	51.522140	-0.128603	1.57	10524	10352800	39	0.62	703"
"828	51.522147	-0.128610	2.21	10524	10352900	49	0.62	705"
"829	51.522160	-0.128610	2.17	10524	10353000	49	0.62	704"
"830	51.522172	-0.128620	1.67	10524	10353100	50	0.62	668"
"831	51.522177	-0.128620	1.67	10524	10353300	45	0.62	681"
"832	51.522173	-0.128608	1.67	10524	10353400	41	0.62	704"
"833	51.522150	-0.128622	1.67	10524	10353500	49	0.62	503"
"834	51.522147	-0.128645	1.12	10524	10353600	33	0.62	489"
"835	51.522142	-0.128637	2.38	10524	10353700	34	0.62	531"
"836	51.522137	-0.128640	2.31	10524	10353800	37	0.62	695"
"837	51.522137	-0.128657	1.50	10524	10353900	49	0.62	704"
"838	51.522137	-0.128657	1.46	10524	10354000	49	0.62	466"
"839	51.522130	-0.128653	1.15	10524	10354100	32	0.62	637"
"840	51.522118	-0.128648	0.00	10524	10354200	43	0.62	499"
"841	51.522107	-0.128632	0.00	10524	10354300	32	0.62	516"
"842	51.522107	-0.128632	0.00	10524	10354500	33	0.62	487"
"843	51.522107	-0.128632	0.00	10524	10354600	32	0.62	469"
"844	51.522072	-0.128613	0.00	10524	10354700	31	0.62	463"
"845	51.522067	-0.128623	0.00	10524	10354800	31	0.62	474"
"846	51.522068	-0.128628	1.83	10524	10354900	31	0.62	450"
"847	51.522067	-0.128632	1.31	10524	10355000	29	0.62	442"
"848	51.522055	-0.128633	0.00	10524	10355100	30	0.62	441"
"849	51.522048	-0.128643	0.00	10524	10355200	29	0.62	442"
"850	51.522048	-0.128643	0.00	10524	10355300	29	0.62	444"
"851	51.522048	-0.128643	0.00	10524	10355400	30	0.62	447"
"852	51.522048	-0.128643	0.00	10524	10355500	29	0.62	441"
"853	51.522048	-0.128643	0.00	10524	10355700	29	0.62	438"
"854	51.522048	-0.128643	0.00	10524	10355800	29	0.62	492"
"855	51.522048	-0.128643	0.00	10524	10355900	34	0.62	487"
"856	51.521998	-0.128645	0.00	10524	10360000	31	0.62	474"
"857	51.521998	-0.128675	0.00	10524	10360100	31	0.62	465"
"858	51.522000	-0.128692	2.19	10524	10360200	31	0.62	470"
"859	51.522003	-0.128707	2.16	10524	10360300	31	0.62	467"
"860	51.522008	-0.128723	2.13	10524	10360400	31	0.62	467"
"861	51.522007	-0.128740	1.80	10524	10360500	31	0.62	466"
"862	51.521997	-0.128762	1.44	10524	10360600	31	0.62	457"
"863	51.521987	-0.128783	1.98	10524	10360700	30	0.62	468"
"864	51.521965	-0.128818	2.96	10524	10360900	31	0.62	484"
"865	51.521952	-0.128833	2.96	10524	10361000	32	0.62	475"
"866	51.521940	-0.128858	2.96	10524	10361100	32	0.62	478"
"867	51.521930	-0.128878	2.77	10524	10361200	32	0.62	482"
"868	51.521923	-0.128907	2.77	10524	10361300	32	0.62	477"
"869	51.521927	-0.128927	3.36	10524	10361400	31	0.62	474"
"870	51.521935	-0.128955	2.93	10524	10361500	32	0.62	448"
"871	51.521938	-0.128965	2.87	10524	10361600	29	0.62	459"
"872	51.521922	-0.128973	2.61	10524	10361700	30	0.62	474"
"873	51.521923	-0.128973	2.00	10524	10361800	31	0.62	483"
"874	51.521928	-0.128983	1.62	10524	10361900	31	0.62	484"
"875	51.521937	-0.129003	2.95	10524	10362000	32	0.62	469"
"876	51.521930	-0.129007	2.38	10524	10362200	31	0.62	496"
"877	51.521937	-0.129003	2.38	10524	10362300	33	0.62	479"
"878	51.521933	-0.129015	2.38	10524	10362400	31	0.62	485"
"879	51.521932	-0.129023	2.38	10524	10362500	32	0.62	496"
"880	51.521937	-0.129038	1.50	10524	10362600	33	0.62	498"
"881	51.521933	-0.129043	1.71	10524	10362700	33	0.62	497"
"882	51.521948	-0.129052	1.24	10524	10362800	33	0.62	505"
"883	51.521955	-0.129058	1.21	10524	10362900	33	0.62	512"
"884	51.521962	-0.129078	1.43	10524	10363000	34	0.62	513"
"885	51.521963	-0.129095	2.37	10524	10363100	33	0.62	519"
"886	51.521967	-0.129108	1.92	10524	10363200	34	0.62	518"
"887	51.521963	-0.129138	1.90	10524	10363400	34	0.62	517"
"888	51.521958	-0.129155	1.90	10524	10363500	34	0.62	515"
"889	51.521935	-0.129175	1.70	10524	10363600	34	0.62	509"
"890	51.521900	-0.129200	1.70	10524	10363700	34	0.62	508"
"891	51.521858	-0.129227	1.94	10524	10363800	34	0.62	486"
"892	51.521838	-0.129238	2.62	10524	10363900	31	0.62	460"
"893	51.521818	-0.129252	3.10	10524	10364000	30	0.62	460"
"894	51.521805	-0.129268	3.16	10524	10364100	30	0.62	506"
"895	51.521795	-0.129287	2.89	10524	10364200	33	0.62	500"
"896	51.521782	-0.129310	3.14	10524	10364300	33	0.62	489"
"897	51.521768	-0.129332	3.89	10524	10364400	32	0.62	480"
"898	51.521750	-0.129373	3.89	10524	10364600	31	0.62	460"
"899	51.521745	-0.129395	4.19	10524	10364700	30	0.62	460"
"900	51.521742	-0.129412	4.19	10524	10364800	30	0.62	512"
"901	51.521735	-0.129422	4.19	10524	10364900	33	0.62	488"
"902	51.521730	-0.129433	2.61	10524	10365000	31	0.62	470"
"903	51.521720	-0.129453	2.60	10524	10365100	31	0.62	445"
"904	51.521713	-0.129475	3.18	10524	10365200	29	0.62	451"
"905	51.521705	-0.129487	2.81	10524	10365300	29	0.62	457"
"906	51.521692	-0.129498	2.19	10524	10365400	30	0.62	460"
"907	51.521680	-0.129508	2.59	10524	10365500	30	0.62	463"
"908	51.521673	-0.129522	2.70	10524	10365600	30	0.62	463"
"909	51.521655	-0.129552	2.80	10524	10365800	30	0.62	461"
"910	51.521643	-0.129563	2.80	10524	10365900	30	0.62	465"
"911	51.521635	-0.129568	2.80	10524	10370000	30	0.62	467"
"912	51.521627	-0.129582	2.80	10524	10370100	30	0.62	467"
"913	51.521612	-0.129605	3.21	10524	10370200	30	0.62	453"
"914	51.521598	-0.129623	3.49	10524	10370300	29	0.62	457"
"915	51.521597	-0.129640	3.42	10524	10370400	29	0.62	458"
"916	51.521592	-0.129658	2.93	10524	10370500	30	0.62	457"
"917	51.521587	-0.129675	2.98	10524	10370600	30	0.62	452"
"918	51.521585	-0.129692	2.90	10524	10370700	29	0.62	453"
"919	51.521573	-0.129708	2.17	10524	10370800	29	0.62	452"
"920	51.521552	-0.129752	2.26	10524	10371000	29	0.62	463"
"921	51.521543	-0.129765	2.26	10524	10371100	30	0.62	467"
"922	51.521542	-0.129777	2.06	10524	10371200	31	0.62	455"
"923	51.521537	-0.129793	2.06	10524	10371300	29	0.62	444"
"924	51.521528	-0.129812	2.06	10524	10371400	29	0.62	429"
"925	51.521528	-0.129823	1.75	10524	10371500	27	0.62	415"
"926	51.521528	-0.129837	1.53	10524	10371600	27	0.62	424"
"927	51.521540	-0.129843	1.61	10524	10371700	27	0.62	420"
"928	51.521555	-0.129843	2.12	10524	10371800	27	0.62	437"
"929	51.521555	-0.129853	2.20	10524	10371900	28	0.62	426"
"930	51.521552	-0.129857	2.13	10524	10372000	28	0.62	440"
"931	51.521532	-0.129883	1.24	10524	10372100	29	0.62	445"
"932	51.521515	-0.129933	1.24	10524	10372300	29	0.62	424"
"933	51.521478	-0.129955	1.24	10524	10372400	27	0.62	419"
"934	51.521477	-0.129973	1.24	10524	10372500	27	0.62	425"
"935	51.521470	-0.129973	1.59	10524	10372600	28	0.62	423"
"936	51.521460	-0.129992	1.59	10524	10372700	27	0.62	411"
"937	51.521457	-0.129998	1.59	10524	10372800	27	0.62	413"
"938	51.521457	-0.129998	1.59	10524	10372900	27	0.62	417"
"939	51.521457	-0.129998	0.00	10524	10373000	27	0.62	423"
"940	51.521453	-0.130023	0.00	10524	10373100	27	0.62	427"
"941	51.521447	-0.130022	1.51	10524	10373200	28	0.62	430"
"942	51.521445	-0.130022	0.00	10524	10373300	28	0.62	431"
"943	51.521443	-0.130020	0.00	10524	10373400	28	0.62	433"
"944	51.521443	-0.130020	0.00	10524	10373500	28	0.62	433"
"945	51.521443	-0.130020	0.00	10524	10373600	28	0.62	439"
"946	51.521443	-0.130020	0.00	10524	10373800	29	0.62	448"
"947	51.521412	-0.130008	0.00	10524	10373900	29	0.62	427"
"948	51.521407	-0.130003	0.00	10524	10374000	27	0.62	421"
"949	51.521400	-0.129998	0.00	10524	10374100	27	0.62	424"
"950	51.521398	-0.129997	1.74	10524	10374200	27	0.62	439"
"951	51.521398	-0.130002	1.50	10524	10374300	29	0.62	439"
"952	51.521398	-0.129992	1.17	10524	10374400	29	0.62	436"
"953	51.521402	-0.129993	0.93	10524	10374500	28	0.62	441"
"954	51.521407	-0.130007	0.00	10524	10374600	29	0.62	432"
"955	51.521408	-0.130010	0.00	10524	10374700	28	0.62	429"
"956	51.521415	-0.130023	1.97	10524	10374800	28	0.62	433"
"957	51.521430	-0.130052	1.97	10524	10375000	28	0.62	437"
"958	51.521442	-0.130067	2.47	10524	10375100	29	0.62	438"
"959	51.521452	-0.130082	2.47	10524	10375200	28	0.62	435"
"960	51.521458	-0.130098	2.47	10524	10375300	28	0.62	429"
"961	51.521462	-0.130108	2.66	10524	10375400	28	0.62	434"
"962	51.521467	-0.130127	2.32	10524	10375500	28	0.62	439"
"963	51.521472	-0.130133	2.27	10524	10375600	29	0.62	441"
"964	51.521477	-0.130127	2.27	10524	10375700	29	0.62	431"
"965	51.521487	-0.130118	1.89	10524	10375800	28	0.62	417"
"966	51.521495	-0.130120	1.94	10524	10375900	27	0.62	413"
"967	51.521505	-0.130133	2.32	10524	10380000	27	0.62	418"
"968	51.521518	-0.130140	2.32	10524	10380200	27	0.62	411"
"969	51.521530	-0.130143	2.32	10524	10380300	27	0.62	418"
"970	51.521538	-0.130148	3.48	10524	10380400	27	0.62	425"
"971	51.521545	-0.130152	3.48	10524	10380500	27	0.62	428"
"972	51.521550	-0.130162	2.77	10524	10380600	28	0.62	424"
"973	51.521558	-0.130172	2.29	10524	10380700	27	0.62	419"
"974	51.521568	-0.130175	1.88	10524	10380800	27	0.62	419"
"975	51.521587	-0.130177	1.94	10524	10380900	27	0.62	422"
"976	51.521600	-0.130178	3.02	10524	10381000	27	0.62	423"
"977	51.521612	-0.130178	3.49	10524	10381100	27	0.62	425"
"978	51.521618	-0.130183	2.77	10524	10381200	27	0.62	424"
"979	51.521633	-0.130188	2.77	10524	10381400	27	0.62	425"
"980	51.521638	-0.130190	2.77	10524	10381500	28	0.62	420"
"981	51.521642	-0.130192	2.77	10524	10381600	27	0.62	422"
"982	51.521640	-0.130200	2.77	10524	10381700	27	0.62	420"
"983	51.521643	-0.130212	1.43	10524	10381800	27	0.62	424"
"984	51.521660	-0.130222	2.16	10524	10381900	27	0.62	428"
"985	51.521688	-0.130235	2.36	10524	10382000	28	0.62	430"
"986	51.521698	-0.130245	2.60	10524	10382100	28	0.62	435"
"987	51.521720	-0.130252	1.76	10524	10382200	29	0.62	425"
"988	51.521730	-0.130265	2.27	10524	10382300	27	0.62	407"
"989	51.521748	-0.130293	4.32	10524	10382400	26	0.62	414"
"990	51.521787	-0.130315	4.25	10524	10382600	27	0.62	419"
"991	51.521798	-0.130328	3.42	10524	10382700	27	0.62	424"
"992	51.521808	-0.130345	3.23	10524	10382800	27	0.62	429"
"993	51.521820	-0.130365	3.23	10524	10382900	28	0.62	432"
"994	51.521827	-0.130378	3.74	10524	10383000	28	0.62	434"
"995	51.521832	-0.130385	3.34	10524	10383100	28	0.62	436"
"996	51.521838	-0.130393	2.52	10524	10383200	28	0.62	435"
"997	51.521845	-0.130398	2.44	10524	10383300	29	0.62	431"
"998	51.521838	-0.130417	2.19	10524	10383400	28	0.62	406"
"999	51.521842	-0.130438	1.61	10524	10383500	26	0.62	403"
"1000	51.521842	-0.130438	2.49	10524	10383500	26	0.62	393"
"1001	51.521857	-0.130460	2.49	10524	10383600	25	0.62	393"
"1002	51.521857	-0.130460	3.21	10524	10383600	25	0.62	374"
"1003	51.521865	-0.130483	3.21	10524	10383700	25	0.62	342"
"1004	51.521872	-0.130503	2.77	10524	10383800	23	0.73	334"
"1005	51.521882	-0.130523	2.35	10524	10383900	22	0.73	335"
"1006	51.521895	-0.130542	2.35	10524	10384100	23	0.73	347"
"1007	51.521895	-0.130542	1.09	10524	10384100	25	0.73	368"
"1008	51.521895	-0.130548	1.09	10524	10384200	25	0.73	375"
"1009	51.521898	-0.130550	1.09	10524	10384300	33	0.73	409"
"1010	51.521900	-0.130552	0.00	10524	10384400	27	0.73	327"
"1011	51.521902	-0.130552	0.00	10524	10384500	22	0.73	321"
"1012	51.521903	-0.130553	1.04	10524	10384600	21	0.73	325"
"1013	51.521907	-0.130565	1.04	10524	10384700	22	0.73	329"
"1014	51.521907	-0.130582	0.00	10524	10384800	22	0.73	330"
"1015	51.521902	-0.130600	0.00	10524	10384900	22	0.73	329"
"1016	51.521902	-0.130600	0.00	10524	10385000	22	0.73	322"
"1017	51.521902	-0.130600	0.00	10524	10385100	22	0.73	325"
"1018	51.521902	-0.130600	0.00	10524	10385200	22	0.73	330"
"1019	51.521902	-0.130600	0.00	10524	10385300	22	0.73	336"
"1020	51.521902	-0.130600	0.00	10524	10385400	23	0.73	330"
"1021	51.521902	-0.130600	0.00	10524	10385600	22	0.73	335"
"1022	51.521863	-0.130695	0.00	10524	10385700	23	0.73	338"
"1023	51.521868	-0.130703	0.00	10524	10385800	23	0.73	331"
"1024	51.521872	-0.130713	0.00	10524	10385900	22	0.73	328"
"1025	51.521882	-0.130728	2.03	10524	10390000	22	0.73	332"
"1026	51.521888	-0.130737	2.76	10524	10390100	22	0.73	336"
"1027	51.521897	-0.130752	2.57	10524	10390200	23	0.73	339"
"1028	51.521903	-0.130762	2.92	10524	10390300	23	0.73	341"
"1029	51.521907	-0.130770	2.60	10524	10390400	23	0.73	343"
"1030	51.521908	-0.130790	1.98	10524	10390500	22	0.73	346"
"1031	51.521918	-0.130808	2.65	10524	10390600	23	0.73	347"
"1032	51.521933	-0.130820	2.31	10524	10390800	23	0.73	349"
"1033	51.521933	-0.130827	2.31	10524	10390900	23	0.63	351"
"1034	51.521943	-0.130842	1.50	10524	10391000	23	0.63	352"
"1035	51.521963	-0.130847	2.28	10524	10391100	23	0.63	342"
"1036	51.521973	-0.130850	3.18	10524	10391200	23	0.63	338"
"1037	51.521990	-0.130850	2.85	10524	10391300	22	0.63	339"
"1038	51.522003	-0.130857	3.19	10524	10391400	23	0.63	348"
"1039	51.522018	-0.130853	3.20	10524	10391500	23	0.63	355"
"1040	51.522030	-0.130847	3.27	10524	10391600	23	0.63	359"
"1041	51.522040	-0.130845	3.28	10524	10391700	23	0.63	345"
"1042	51.522040	-0.130845	1.78	10524	10391800	23	0.63	349"
"1043	51.522038	-0.130848	1.60	10524	10392000	23	0.63	356"
"1044	51.522043	-0.130857	1.85	10524	10392100	23	0.63	361"
"1045	51.522048	-0.130863	2.27	10524	10392200	23	0.63	362"
"1046	51.522053	-0.130878	2.27	10524	10392300	23	0.63	365"
"1047	51.522062	-0.130895	2.20	10524	10392400	24	0.63	367"
"1048	51.522070	-0.130910	2.39	10524	10392500	24	0.63	370"
"1049	51.522077	-0.130925	2.46	10524	10392600	24	0.63	371"
"1050	51.522082	-0.130937	2.51	10524	10392700	24	0.63	363"
"1051	51.522093	-0.130943	1.99	10524	10392800	23	0.63	360"
"1052	51.522107	-0.130950	2.20	10524	10392900	23	0.63	365"
"1053	51.522122	-0.130957	2.81	10524	10393000	24	0.63	373"
"1054	51.522148	-0.130967	3.10	10524	10393200	24	0.63	355"
"1055	51.522162	-0.130968	3.05	10524	10393300	23	0.63	342"
"1056	51.522165	-0.130975	2.98	10524	10393400	23	0.63	345"
"1057	51.522170	-0.130983	2.98	10524	10393500	23	0.63	353"
"1058	51.522178	-0.130992	2.22	10524	10393600	23	0.63	363"
"1059	51.522185	-0.131000	2.44	10524	10393700	24	0.63	370"
"1060	51.522190	-0.131008	2.69	10524	10393800	24	0.63	384"
"1061	51.522202	-0.131020	2.67	10524	10393900	25	0.62	384"
"1062	51.522207	-0.131033	3.13	10524	10394000	25	0.62	376"
"1063	51.522218	-0.131043	3.08	10524	10394100	24	0.62	356"
"1064	51.522220	-0.131057	2.87	10524	10394200	23	0.62	368"
"1065	51.522230	-0.131083	1.47	10524	10394400	24	0.62	376"
"1066	51.522240	-0.131103	1.51	10524	10394500	25	0.62	384"
"1067	51.522248	-0.131105	2.14	10524	10394600	24	0.62	368"
"1068	51.522255	-0.131108	1.74	10524	10394700	24	0.62	367"
"1069	51.522277	-0.131102	1.74	10524	10394800	24	0.62	362"
"1070	51.522285	-0.131112	2.22	10524	10394900	23	0.62	383"
"1071	51.522303	-0.131120	1.77	10524	10395000	25	0.62	368"
"1072	51.522320	-0.131127	2.39	10524	10395100	24	0.62	368"
"1073	51.522328	-0.131137	2.77	10524	10395200	24	0.62	379"
"1074	51.522333	-0.131155	2.78	10524	10395300	24	0.62	377"
"1075	51.522343	-0.131172	3.10	10524	10395400	24	0.62	333"
"1076	51.522355	-0.131188	3.39	10524	10395500	22	0.62	344"
"1077	51.522373	-0.131218	3.44	10524	10395700	23	0.62	350"
"1078	51.522390	-0.131230	3.41	10524	10395800	23	0.62	354"
"1079	51.522390	-0.131240	2.53	10524	10395900	23	0.62	353"
"1080	51.522397	-0.131247	2.53	10524	10400000	23	0.62	345"
"1081	51.522403	-0.131255	1.80	10524	10400100	23	0.62	345"
"1082	51.522413	-0.131260	1.80	10524	10400200	23	0.62	346"
"1083	51.522428	-0.131265	1.88	10524	10400300	23	0.62	339"
"1084	51.522427	-0.131297	2.21	10524	10400400	22	0.62	338"
"1085	51.522430	-0.131320	2.17	10524	10400500	22	0.62	342"
"1086	51.522427	-0.131337	2.09	10524	10400600	23	0.62	343"
"1087	51.522408	-0.131333	0.00	10524	10400700	23	0.62	343"
"1088	51.522420	-0.131360	0.00	10524	10400900	23	0.62	341"
"1089	51.522420	-0.131360	0.00	10524	10401000	23	0.62	340"
"1090	51.522473	-0.131358	0.00	10524	10401100	23	0.62	341"
"1091	51.522477	-0.131363	0.00	10524	10401200	23	0.62	347"
"1092	51.522492	-0.131360	0.00	10524	10401300	23	0.62	377"
"1093	51.522510	-0.131357	0.00	10524	10401400	25	0.62	381"
"1094	51.522510	-0.131357	0.00	10524	10401500	25	0.62	382"
"1095	51.522510	-0.131357	0.00	10524	10401600	25	0.62	386"
"1096	51.522518	-0.131373	0.00	10524	10401700	25	0.62	390"
"1097	51.522523	-0.131380	0.98	10524	10401800	25	0.62	389"
"1098	51.522527	-0.131387	1.30	10524	10401900	25	0.62	384"
"1099	51.522537	-0.131395	1.30	10524	10402100	24	0.62	357"
"1100	51.522543	-0.131395	1.58	10524	10402200	23	0.62	355"
"1101	51.522555	-0.131395	1.88	10524	10402300	23	0.62	361"
"1102	51.522555	-0.131392	2.55	10524	10402400	23	0.62	376"
"1103	51.522565	-0.131392	2.27	10524	10402500	25	0.62	381"
"1104	51.522558	-0.131397	2.31	10524	10402600	25	0.62	373"
"1105	51.522557	-0.131382	1.67	10524	10402700	24	0.62	386"
"1106	51.522565	-0.131375	1.33	10524	10402800	25	0.62	393"
"1107	51.522643	-0.131290	1.40	10524	10402900	25	0.62	396"
"1108	51.522653	-0.131288	3.68	10524	10403000	25	0.62	393"
"1109	51.522658	-0.131297	3.75	10524	10403100	25	0.62	361"
"1110	51.522663	-0.131300	3.14	10524	10403200	23	0.62	358"
"1111	51.522680	-0.131320	3.14	10524	10403400	23	0.62	367"
"1112	51.522687	-0.131340	3.14	10524	10403500	21	0.62	369"
"1113	51.522695	-0.131352	3.14	10524	10403600	24	0.62	362"
"1114	51.522700	-0.131365	2.17	10524	10403700	23	0.62	366"
"1115	51.522738	-0.131318	2.09	10524	10403800	24	0.62	372"
"1116	51.522775	-0.131270	2.67	10524	10403900	24	0.62	368"
"1117	51.522795	-0.131243	3.06	10524	10404000	24	0.62	367"
"1118	51.522815	-0.131223	3.04	10524	10404100	24	0.62	377"
"1119	51.522832	-0.131208	3.25	10524	10404200	25	0.62	371"
"1120	51.522840	-0.131213	3.43	10524	10404300	24	0.62	361"
"1121	51.522847	-0.131202	2.96	10524	10404400	23	0.62	374"
"1122	51.522860	-0.131247	2.91	10524	10404600	24	0.62	373"
"1123	51.522853	-0.131265	1.92	10524	10404700	24	0.62	358"
"1124	51.522863	-0.131277	1.92	10524	10404800	23	0.62	371"
"1125	51.522868	-0.131293	3.06	10524	10404900	24	0.62	350"
"1126	51.522868	-0.131307	2.74	10524	10405000	23	0.62	357"
"1127	51.522867	-0.131332	1.63	10524	10405100	23	0.62	376"
"1128	51.522873	-0.131342	2.13	10524	10405200	25	0.62	380"
"1129	51.522873	-0.131353	1.90	10524	10405300	25	0.62	383"
"1130	51.522882	-0.131368	1.82	10524	10405400	25	0.62	355"
"1131	51.522883	-0.131373	1.06	10524	10405500	23	0.62	358"
"1132	51.522885	-0.131377	0.99	10524	10405600	23	0.62	354"
"1133	51.522895	-0.131368	1.83	10524	10405800	23	0.62	363"
"1134	51.522902	-0.131360	2.32	10524	10405900	23	0.62	369"
"1135	51.522907	-0.131350	2.32	10524	10410000	24	0.62	380"
"1136	51.522912	-0.131337	2.27	10524	10410100	25	0.62	387"
"1137	51.522918	-0.131328	2.22	10524	10410200	25	0.62	388"
"1138	51.522928	-0.131318	2.29	10524	10410300	24	0.62	379"
"1139	51.522937	-0.131307	2.49	10524	10410400	25	0.62	384"
"1140	51.522945	-0.131290	2.05	10524	10410500	24	0.62	386"
"1141	51.522955	-0.131275	2.90	10524	10410600	25	0.62	390"
"1142	51.522963	-0.131257	2.85	10524	10410700	25	0.62	392"
"1143	51.522968	-0.131238	2.59	10524	10410800	25	0.62	356"
"1144	51.522978	-0.131218	2.75	10524	10410900	23	0.62	352"
"1145	51.522997	-0.131192	2.23	10524	10411100	23	0.62	354"
"1146	51.523005	-0.131175	2.31	10524	10411200	23	0.62	347"
"1147	51.523015	-0.131168	2.31	10524	10411300	23	0.62	358"
"1148	51.523023	-0.131153	2.31	10524	10411400	23	0.62	359"
"1149	51.523027	-0.131133	2.45	10524	10411500	23	0.62	361"
"1150	51.523033	-0.131113	2.91	10524	10411600	23	0.62	361"
"1151	51.523037	-0.131090	2.91	10524	10411700	23	0.62	359"
"1152	51.523042	-0.131070	3.31	10524	10411800	23	0.62	352"
"1153	51.523053	-0.131063	2.36	10524	10411900	23	0.62	352"
"1154	51.523058	-0.131052	2.07	10524	10412000	23	0.62	338"
"1155	51.523065	-0.131040	2.57	10524	10412100	22	0.62	338"
"1156	51.523080	-0.131025	2.57	10524	10412300	22	0.62	339"
"1157	51.523087	-0.131017	2.57	10524	10412400	22	0.62	338"
"1158	51.523097	-0.131002	2.57	10524	10412500	22	0.62	352"
"1159	51.523105	-0.130990	2.57	10524	10412600	23	0.62	352"
"1160	51.523117	-0.130977	2.43	10524	10412700	23	0.62	350"
"1161	51.523127	-0.130962	2.43	10524	10412800	23	0.62	352"
"1162	51.523137	-0.130950	2.35	10524	10412900	23	0.62	343"
"1163	51.523138	-0.130945	2.37	10524	10413000	23	0.62	330"
"1164	51.523143	-0.130942	1.55	10524	10413100	22	0.62	334"
"1165	51.523153	-0.130940	1.51	10524	10413200	22	0.62	333"
"1166	51.523155	-0.130940	0.98	10524	10413300	22	0.62	332"
"1167	51.523177	-0.130938	0.98	10524	10413500	22	0.62	335"
"1168	51.523192	-0.130942	1.80	10524	10413600	22	0.62	337"
"1169	51.523205	-0.130948	2.38	10524	10413700	22	0.62	339"
"1170	51.523217	-0.130948	2.42	10524	10413800	23	0.62	338"
"1171	51.523215	-0.130957	2.41	10524	10413900	22	0.62	337"
"1172	51.523210	-0.130937	2.04	10524	10414000	22	0.62	334"
"1173	51.523217	-0.130933	0.00	10524	10414100	22	0.62	332"
"1174	51.523228	-0.130927	0.00	10524	10414200	22	0.62	344"
"1175	51.523237	-0.130922	0.00	10524	10414300	23	0.62	341"
"1176	51.523245	-0.130915	1.35	10524	10414400	23	0.62	321"
"1177	51.523257	-0.130918	1.43	10524	10414500	21	0.62	316"
"1178	51.523275	-0.130920	1.92	10524	10414700	21	0.62	323"
"1179	51.523283	-0.130930	1.92	10524	10414800	21	0.62	323"
"1180	51.523290	-0.130933	1.92	10524	10414900	22	0.62	310"
"1181	51.523300	-0.130928	1.92	10524	10415000	21	0.62	313"
"1182	51.523300	-0.130933	1.54	10524	10415100	21	0.62	320"
"1183	51.523313	-0.130933	1.27	10524	10415200	21	0.62	324"
"1184	51.523320	-0.130938	1.74	10524	10415300	22	0.62	327"
"1185	51.523328	-0.130940	1.94	10524	10415400	22	0.62	328"
"1186	51.523332	-0.130933	2.16	10524	10415500	22	0.62	327"
"1187	51.523335	-0.130928	1.98	10524	10415600	22	0.62	328"
"1188	51.523348	-0.130923	1.97	10524	10415700	22	0.62	321"
"1189	51.523365	-0.130915	1.97	10524	10415900	21	0.62	325"
"1190	51.523357	-0.130922	2.00	10524	10420000	22	0.62	321"
"1191	51.523357	-0.130933	1.08	10524	10420100	21	0.62	318"
"1192	51.523365	-0.130930	0.00	10524	10420200	21	0.62	325"
"1193	51.523377	-0.130978	0.00	10524	10420300	22	0.62	321"
"1194	51.523387	-0.130957	1.82	10524	10420400	21	0.62	325"
"1195	51.523398	-0.130953	1.77	10524	10420500	22	0.62	321"
"1196	51.523390	-0.130945	1.73	10524	10420600	21	0.62	321"
"1197	51.523373	-0.130948	1.21	10524	10420700	21	0.62	321"
"1198	51.523373	-0.130950	0.97	10524	10420800	21	0.62	325"
"1199	51.523373	-0.130955	0.00	10524	10420900	22	0.62	321"
"1200	51.523377	-0.130957	0.00	10524	10421000	21	0.62	320"
"1201	51.523377	-0.130957	0.00	10524	10421000	21	0.62	320"
"1202	51.523377	-0.130957	0.00	10524	10421100	21	0.62	318"
"1203	51.523377	-0.130957	0.00	10524	10421200	21	83.96	321"
"1204	51.523377	-0.130957	0.00	10524	10421300	21	83.96	305"
"1205	51.523377	-0.130957	0.00	10524	10421400	21	83.96	315"
"1206	51.523377	-0.130957	0.00	10524	10421500	21	83.96	313"
"1207	51.523377	-0.130957	0.00	10524	10421500	21	83.96	313"
"1208	51.523377	-0.130957	0.00	10524	10421700	22	83.96	316"
"1209	51.523377	-0.130957	0.00	10524	10421800	22	83.96	321"
"1210	51.523377	-0.130957	0.00	10524	10421900	21	83.96	318"
"1211	51.523377	-0.130957	0.00	10524	10422000	21	83.96	322"
"1212	51.523377	-0.130957	0.00	10524	10422100	22	83.96	324"
"1213	51.523377	-0.130957	0.00	10524	10422100	22	83.96	324"
"1214	51.523377	-0.130957	0.00	10524	10422200	22	83.96	323"
"1215	51.523377	-0.130957	0.00	10524	10422200	22	83.96	317"
"1216	51.523358	-0.130915	0.00	10524	10422400	22	83.96	312"
"1217	51.523335	-0.130917	1.71	10524	10422500	22	83.96	321"
"1218	51.523335	-0.130910	2.37	10524	10422600	22	83.96	318"
"1219	51.523337	-0.130905	2.37	10524	10422700	22	83.96	307"
"1220	51.523333	-0.130903	1.10	10524	10422800	21	83.96	309"
"1221	51.523335	-0.130893	0.00	10524	10422900	21	83.96	316"
"1222	51.523337	-0.130885	0.00	10524	10423000	22	83.96	313"
"1223	51.523337	-0.130885	0.00	10524	10423100	22	83.96	317"
"1224	51.523353	-0.130880	0.00	10524	10423200	22	83.96	319"
"1225	51.523358	-0.130878	1.42	10524	10423300	22	83.96	321"
"1226	51.523360	-0.130882	1.47	10524	10423400	22	83.96	320"
"1227	51.523365	-0.130883	1.00	10524	10423500	22	83.96	319"
"1228	51.523395	-0.130872	2.46	10524	10423700	22	83.96	315"
"1229	51.523403	-0.130863	1.76	10524	10423800	22	83.96	317"
"1230	51.523410	-0.130853	1.69	10524	10423900	22	83.96	319"
"1231	51.523415	-0.130845	1.69	10524	10424000	22	83.96	321"
"1232	51.523427	-0.130838	1.40	10524	10424100	21	83.96	321"
"1233	51.523435	-0.130838	1.77	10524	10424200	22	0.66	324"
"1234	51.523433	-0.130853	1.70	10524	10424300	22	0.66	324"
"1235	51.523433	-0.130863	1.77	10524	10424400	22	0.66	319"
"1236	51.523433	-0.130878	1.76	10524	10424500	22	0.66	318"
"1237	51.523440	-0.130892	1.96	10524	10424600	21	0.66	325"
"1238	51.523440	-0.130900	2.38	10524	10424700	22	0.66	328"
"1239	51.523452	-0.130923	2.14	10524	10424900	22	0.66	329"
"1240	51.523462	-0.130928	2.14	10524	10425000	22	0.66	329"
"1241	51.523472	-0.130930	2.14	10524	10425100	22	0.66	331"
"1242	51.523482	-0.130933	2.14	10524	10425200	22	0.66	332"
"1243	51.523492	-0.130937	2.53	10524	10425300	22	0.66	329"
"1244	51.523498	-0.130937	2.53	10524	10425400	22	0.66	320"
"1245	51.523505	-0.130932	2.08	10524	10425500	22	0.66	323"
"1246	51.523508	-0.130920	1.83	10524	10425600	22	0.66	324"
"1247	51.523518	-0.130918	2.13	10524	10425700	22	0.66	324"
"1248	51.523528	-0.130922	2.78	10524	10425800	21	0.66	318"
"1249	51.523537	-0.130917	3.03	10524	10425900	22	0.66	315"
"1250	51.523543	-0.130907	2.84	10524	10430000	22	0.66	321"
"1251	51.523568	-0.130902	2.54	10524	10430200	21	0.66	319"
"1252	51.523587	-0.130905	2.78	10524	10430300	22	0.66	324"
"1253	51.523597	-0.130905	3.22	10524	10430400	22	0.66	314"
"1254	51.523608	-0.130912	3.22	10524	10430500	21	0.66	307"
"1255	51.523623	-0.130915	2.42	10524	10430600	22	0.66	317"
"1256	51.523638	-0.130912	2.21	10524	10430700	22	0.66	316"
"1257	51.523652	-0.130918	1.51	10524	10430800	22	0.66	319"
"1258	51.523657	-0.130927	2.30	10524	10430900	22	0.66	323"
"1259	51.523657	-0.130937	2.08	10524	10431000	22	0.66	325"
"1260	51.523667	-0.130947	2.12	10524	10431100	22	0.66	328"
"1261	51.523675	-0.130955	2.67	10524	10431200	22	0.62	327"
"1262	51.523687	-0.130973	2.67	10524	10431400	22	0.62	320"
"1263	51.523707	-0.130990	1.80	10524	10431500	22	0.62	302"
"1264	51.523723	-0.130995	1.80	10524	10431600	21	0.62	304"
"1265	51.523740	-0.131003	2.52	10524	10431700	21	0.62	315"
"1266	51.523752	-0.131012	3.29	10524	10431800	21	0.62	320"
"1267	51.523762	-0.131020	2.61	10524	10431900	22	0.62	322"
"1268	51.523767	-0.131025	1.80	10524	10432000	22	0.62	320"
"1269	51.523777	-0.131027	1.37	10524	10432100	22	0.62	320"
"1270	51.523782	-0.131025	1.29	10524	10432200	22	0.62	314"
"1271	51.523792	-0.131025	0.91	10524	10432300	21	0.62	319"
"1272	51.523798	-0.131028	1.54	10524	10432400	21	0.62	324"
"1273	51.523815	-0.131035	1.89	10524	10432600	21	0.62	323"
"1274	51.523822	-0.131035	1.53	10524	10432700	21	0.62	324"
"1275	51.523827	-0.131032	1.75	10524	10432800	22	0.62	327"
"1276	51.523827	-0.131022	1.97	10524	10432900	22	0.62	330"
"1277	51.523833	-0.131025	0.94	10524	10433000	22	0.62	332"
"1278	51.523840	-0.131032	1.39	10524	10433100	22	0.62	327"
"1279	51.523845	-0.131032	1.43	10524	10433200	22	0.62	327"
"1280	51.523850	-0.131037	1.38	10524	10433300	22	0.62	328"
"1281	51.523853	-0.131037	1.36	10524	10433400	22	0.62	309"
"1282	51.523852	-0.131042	0.00	10524	10433500	21	0.62	303"
"1283	51.523865	-0.131057	0.00	10524	10433600	21	0.62	310"
"1284	51.523893	-0.131103	2.52	10524	10433800	21	0.62	315"
"1285	51.523905	-0.131117	2.52	10524	10433900	22	0.62	318"
"1286	51.523917	-0.131130	2.52	10524	10434000	22	0.62	307"
"1287	51.523920	-0.131137	2.52	10524	10434100	21	0.62	301"
"1288	51.523930	-0.131145	0.00	10524	10434200	21	0.62	308"
"1289	51.523937	-0.131153	0.00	10524	10434300	21	0.62	313"
"1290	51.523943	-0.131163	1.47	10524	10434400	21	0.62	315"
"1291	51.523955	-0.131175	1.57	10524	10434500	21	0.62	318"
"1292	51.523973	-0.131187	2.27	10524	10434600	21	0.62	320"
"1293	51.523988	-0.131190	2.96	10524	10434700	21	0.62	321"
"1294	51.524005	-0.131190	2.98	10524	10434800	21	0.62	317"
"1295	51.524005	-0.131190	2.92	10524	10434800	22	0.62	308"
"1296	51.524050	-0.131227	2.92	10524	10435100	21	0.62	310"
"1297	51.524070	-0.131232	2.07	10524	10435200	21	0.62	314"
"1298	51.524088	-0.131238	2.14	10524	10435300	22	0.62	318"
"1299	51.524103	-0.131242	2.15	10524	10435400	22	0.62	314"
"1300	51.524112	-0.131253	2.08	10524	10435500	21	0.62	316"
"1301	51.524118	-0.131262	2.01	10524	10435600	22	0.62	317"
"1302	51.524122	-0.131267	2.05	10524	10435700	22	0.62	317"
"1303	51.524120	-0.131270	2.28	10524	10435800	22	0.62	320"
"1304	51.524120	-0.131260	1.82	10524	10435900	21	0.62	323"
"1305	51.524123	-0.131253	1.77	10524	10440000	21	0.62	323"
"1306	51.524135	-0.131247	2.22	10524	10440100	22	0.62	325"
"1307	51.524160	-0.131237	2.22	10524	10440300	22	0.62	325"
"1308	51.524167	-0.131233	1.97	10524	10440400	22	0.62	327"
"1309	51.524183	-0.131250	1.97	10524	10440500	22	0.62	319"
"1310	51.524198	-0.131267	2.09	10524	10440600	22	0.62	320"
"1311	51.524208	-0.131275	2.15	10524	10440700	21	0.62	324"
"1312	51.524220	-0.131292	2.17	10524	10440800	22	0.62	327"
"1313	51.524232	-0.131307	2.74	10524	10440900	22	0.62	329"
"1314	51.524242	-0.131317	3.08	10524	10441000	22	0.62	330"
"1315	51.524253	-0.131327	2.81	10524	10441100	22	0.62	325"
"1316	51.524263	-0.131328	2.78	10524	10441200	22	0.62	322"
"1317	51.524283	-0.131352	2.20	10524	10441300	22	0.62	324"
"1318	51.524317	-0.131388	2.20	10524	10441500	21	0.62	328"
"1319	51.524322	-0.131400	2.20	10524	10441600	22	0.62	329"
"1320	51.524328	-0.131408	2.20	10524	10441700	22	0.62	332"
"1321	51.524342	-0.131433	2.70	10524	10441800	22	0.62	325"
"1322	51.524357	-0.131450	2.36	10524	10441900	22	0.62	312"
"1323	51.524372	-0.131460	2.35	10524	10442000	21	0.62	313"
"1324	51.524382	-0.131458	2.29	10524	10442100	21	0.62	321"
"1325	51.524395	-0.131463	2.26	10524	10442200	22	0.62	323"
"1326	51.524405	-0.131465	2.49	10524	10442300	22	0.62	325"
"1327	51.524413	-0.131470	2.44	10524	10442400	22	0.62	328"
"1328	51.524428	-0.131483	2.83	10524	10442500	22	0.62	323"
"1329	51.524452	-0.131505	3.25	10524	10442700	21	0.62	325"
"1330	51.524457	-0.131515	3.25	10524	10442800	22	0.62	329"
"1331	51.524465	-0.131518	2.69	10524	10442900	22	0.62	329"
"1332	51.524470	-0.131527	2.16	10524	10443000	22	0.62	324"
"1333	51.524480	-0.131532	1.94	10524	10443100	22	0.62	326"
"1334	51.524488	-0.131540	1.66	10524	10443200	21	0.62	322"
"1335	51.524497	-0.131548	1.69	10524	10443300	22	0.62	303"
"1336	51.524503	-0.131560	1.46	10524	10443400	21	0.62	302"
"1337	51.524508	-0.131560	1.45	10524	10443500	21	0.62	314"
"1338	51.524508	-0.131550	1.13	10524	10443600	22	0.62	310"
"1339	51.524517	-0.131560	1.45	10524	10443700	21	0.62	303"
"1340	51.524527	-0.131573	1.73	10524	10443900	21	0.62	298"
"1341	51.524525	-0.131573	1.73	10524	10444000	21	0.62	304"
"1342	51.524532	-0.131580	1.73	10524	10444100	21	0.62	304"
"1343	51.524545	-0.131592	1.73	10524	10444200	21	0.62	308"
"1344	51.524552	-0.131600	2.08	10524	10444300	21	0.62	312"
"1345	51.524560	-0.131613	1.78	10524	10444400	21	0.62	296"
"1346	51.524547	-0.131613	1.74	10524	10444500	21	0.62	292"
"1347	51.524527	-0.131618	0.97	10524	10444600	20	0.62	298"
"1348	51.524517	-0.131625	0.00	10524	10444700	20	0.62	305"
"1349	51.524512	-0.131622	0.00	10524	10444800	21	0.62	310"
"1350	51.524512	-0.131622	0.00	10524	10444900	21	0.62	312"
"1351	51.524507	-0.131647	1.01	10524	10445100	21	0.62	294"
"1352	51.524520	-0.131673	1.01	10524	10445200	20	0.62	302"
"1353	51.524527	-0.131680	1.01	10524	10445300	21	0.62	299"
"1354	51.524535	-0.131693	1.01	10524	10445400	20	0.62	280"
"1355	51.524562	-0.131725	1.01	10524	10445500	20	0.62	278"
"1356	51.524568	-0.131735	2.29	10524	10445600	20	0.62	291"
"1357	51.524588	-0.131743	1.77	10524	10445700	20	0.62	299"
"1358	51.524603	-0.131757	2.24	10524	10445800	21	0.62	303"
"1359	51.524615	-0.131767	2.22	10524	10445900	21	0.62	303"
"1360	51.524620	-0.131773	2.17	10524	10450000	21	0.62	301"
"1361	51.524622	-0.131773	1.90	10524	10450100	21	0.62	291"
"1362	51.524623	-0.131773	1.12	10524	10450200	20	0.62	295"
"1363	51.524648	-0.131810	1.32	10524	10450400	21	0.62	298"
"1364	51.524653	-0.131822	0.93	10524	10450500	20	0.62	303"
"1365	51.524660	-0.131827	0.93	10524	10450600	21	0.62	304"
"1366	51.524665	-0.131830	0.00	10524	10450700	21	0.62	307"
"1367	51.524670	-0.131843	1.13	10524	10450800	21	0.62	307"
"1368	51.524673	-0.131852	1.77	10524	10450900	21	0.62	310"
"1369	51.524683	-0.131860	1.81	10524	10451000	21	0.62	308"
"1370	51.524675	-0.131855	1.55	10524	10451100	21	0.62	310"
"1371	51.524673	-0.131853	1.46	10524	10451200	21	0.62	323"
"1372	51.524665	-0.131855	1.00	10524	10451300	22	0.62	312"
"1373	51.524672	-0.131865	2.14	10524	10451400	21	0.62	307"
"1374	51.524688	-0.131880	2.14	10524	10451600	21	0.62	312"
"1375	51.524702	-0.131888	2.14	10524	10451700	21	0.62	311"
"1376	51.524703	-0.131887	1.70	10524	10451800	21	0.62	303"
"1377	51.524733	-0.131898	2.01	10524	10451900	21	0.62	306"
"1378	51.524750	-0.131907	3.42	10524	10452000	21	0.62	314"
"1379	51.524765	-0.131923	3.35	10524	10452100	21	0.62	321"
"1380	51.524777	-0.131933	3.07	10524	10452200	21	0.62	306"
"1381	51.524788	-0.131950	2.22	10524	10452300	21	0.62	266"
"1382	51.524797	-0.131957	2.29	10524	10452400	19	0.62	268"
"1383	51.524787	-0.131948	1.68	10524	10452500	19	0.62	280"
"1384	51.524795	-0.131963	2.52	10524	10452600	20	0.62	285"
"1385	51.524822	-0.131995	2.04	10524	10452800	20	0.62	265"
"1386	51.524838	-0.132010	2.04	10524	10452900	19	0.62	263"
"1387	51.524848	-0.132027	2.04	10524	10453000	19	0.62	254"
"1388	51.524855	-0.132042	2.04	10524	10453100	19	0.62	256"
"1389	51.524863	-0.132053	2.46	10524	10453200	19	0.62	270"
"1390	51.524873	-0.132067	2.44	10524	10453300	19	0.62	272"
"1391	51.524887	-0.132083	2.95	10524	10453400	20	0.62	278"
"1392	51.524900	-0.132098	3.00	10524	10453500	20	0.62	271"
"1393	51.524913	-0.132110	3.33	10524	10453600	19	0.62	272"
"1394	51.524923	-0.132122	3.10	10524	10453700	20	0.62	278"
"1395	51.524935	-0.132127	1.82	10524	10453800	20	0.62	277"
"1396	51.524948	-0.132150	1.82	10524	10454000	20	0.62	271"
"1397	51.524965	-0.132178	1.82	10524	10454100	19	0.62	274"
"1398	51.524983	-0.132200	1.82	10524	10454200	20	0.62	280"
"1399	51.524990	-0.132212	1.82	10524	10454300	20	0.62	283"
"1400	51.524995	-0.132223	3.49	10524	10454400	21	0.62	276"
"1401	51.525008	-0.132235	3.45	10524	10454500	19	0.62	268"
"1402	51.525013	-0.132247	3.96	10524	10454600	19	0.62	271"
"1403	51.525022	-0.132258	3.72	10524	10454700	19	0.62	256"
"1404	51.525028	-0.132283	3.76	10524	10454800	19	0.62	264"
"1405	51.525032	-0.132297	4.00	10524	10454900	19	0.62	274"
"1406	51.525047	-0.132308	3.64	10524	10455000	19	0.62	258"
"1407	51.525075	-0.132347	4.04	10524	10455200	19	0.62	256"
"1408	51.525083	-0.132358	4.04	10524	10455300	19	0.62	261"
"1409	51.525092	-0.132367	4.04	10524	10455400	19	0.62	252"
"1410	51.525100	-0.132382	4.04	10524	10455500	19	0.62	255"
"1411	51.525123	-0.132385	3.27	10524	10455600	19	0.62	249"
"1412	51.525135	-0.132403	3.66	10524	10455700	19	0.62	260"
"1413	51.525140	-0.132418	4.91	10524	10455800	19	0.62	268"
"1414	51.525150	-0.132438	4.94	10524	10455900	19	0.62	269"
"1415	51.525160	-0.132458	5.80	10524	10460000	20	0.62	266"
"1416	51.525168	-0.132472	4.79	10524	10460100	19	0.62	293"
"1417	51.525165	-0.132472	4.84	10524	10460200	20	0.62	274"
"1418	51.525173	-0.132493	4.07	10524	10460400	20	0.62	258"
"1419	51.525187	-0.132517	4.64	10524	10460500	19	0.62	260"
"1420	51.525167	-0.132513	4.64	10524	10460600	19	0.62	262"
"1421	51.525163	-0.132522	4.64	10524	10460700	19	0.62	265"
"1422	51.525173	-0.132530	4.64	10524	10460800	19	0.62	273"
"1423	51.525188	-0.132545	2.96	10524	10460900	20	0.62	277"
"1424	51.525193	-0.132545	2.91	10524	10461000	20	0.62	282"
"1425	51.525200	-0.132557	2.55	10524	10461100	20	0.62	284"
"1426	51.525207	-0.132573	2.62	10524	10461200	20	0.62	287"
"1427	51.525220	-0.132588	2.21	10524	10461300	20	0.62	280"
"1428	51.525237	-0.132607	2.27	10524	10461400	20	0.62	262"
"1429	51.525263	-0.132643	3.07	10524	10461600	19	0.62	265"
"1430	51.525305	-0.132685	3.07	10524	10461700	19	0.62	276"
"1431	51.525347	-0.132712	3.07	10524	10461800	20	0.62	284"
"1432	51.525370	-0.132710	3.07	10524	10461900	20	0.62	283"
"1433	51.525390	-0.132705	3.07	10524	10462000	20	0.62	287"
"1434	51.525438	-0.132727	1.84	10524	10462100	20	0.62	289"
"1435	51.525462	-0.132733	3.57	10524	10462200	20	0.62	291"
"1436	51.525482	-0.132737	2.68	10524	10462300	21	0.62	294"
"1437	51.525495	-0.132740	1.78	10524	10462400	20	0.62	298"
"1438	51.525503	-0.132740	1.20	10524	10462500	21	0.62	296"
"1439	51.525512	-0.132750	1.16	10524	10462600	21	0.62	290"
"1440	51.525520	-0.132755	0.00	10524	10462700	20	0.62	292"
"1441	51.525548	-0.132773	0.00	10524	10462900	20	0.62	295"
"1442	51.525563	-0.132777	0.00	10524	10463000	21	0.62	301"
"1443	51.525575	-0.132783	1.54	10524	10463100	21	0.62	307"
"1444	51.525585	-0.132785	1.54	10524	10463200	21	0.62	310"
"1445	51.525600	-0.132812	2.32	10524	10463300	21	0.62	313"
"1446	51.525613	-0.132835	1.84	10524	10463400	21	0.62	316"
"1447	51.525623	-0.132853	1.92	10524	10463500	22	0.62	307"
"1448	51.525633	-0.132863	2.50	10524	10463600	21	0.62	282"
"1449	51.525640	-0.132873	2.44	10524	10463700	20	0.62	280"
"1450	51.525648	-0.132880	2.21	10524	10463800	20	0.62	290"
"1451	51.525657	-0.132888	1.86	10524	10463900	20	0.62	297"
"1452	51.525672	-0.132910	1.86	10524	10464100	20	0.62	304"
"1453	51.525680	-0.132918	1.86	10524	10464200	21	0.62	305"
"1454	51.525692	-0.132932	1.86	10524	10464300	21	0.62	301"
"1455	51.525698	-0.132938	2.21	10524	10464400	21	0.62	311"
